#-----------------------------------------------------------
# Vivado v2025.2 (64-bit)
# SW Build 6299465 on Fri Nov 14 19:35:11 GMT 2025
# IP Build 6300035 on Fri Nov 14 10:48:45 MST 2025
# SharedData Build 6298862 on Thu Nov 13 04:50:51 MST 2025
# Start of session at: Wed May 20 11:01:59 2026
# Process ID         : 4064
# Current directory  : C:/Users/qipif/Desktop/FPGAProject/01_Preference/08_mypll/project
# Command line       : vivado.exe -gui_launcher_event rodinguilauncherevent15192 C:\Users\qipif\Desktop\FPGAProject\01_Preference\08_mypll\project\mypll.xpr
# Log file           : C:/Users/qipif/Desktop/FPGAProject/01_Preference/08_mypll/project/vivado.log
# Journal file       : C:/Users/qipif/Desktop/FPGAProject/01_Preference/08_mypll/project\vivado.jou
# Running On         : LAPTOP-V5P4DNLK
# Platform           : Windows Server 2016 or Windows 10
# Operating System   : 26200
# Processor Detail   : 13th Gen Intel(R) Core(TM) i7-13650HX
# CPU Frequency      : 2803 MHz
# CPU Physical cores : 14
# CPU Logical cores  : 20
# Host memory        : 25480 MB
# Swap memory        : 2818 MB
# Total Virtual      : 28298 MB
# Available Virtual  : 12427 MB
#-----------------------------------------------------------
start_gui
open_project C:/Users/qipif/Desktop/FPGAProject/01_Preference/08_mypll/project/mypll.xpr
WARNING: [Board 49-26] cannot add Board Part xilinx.com:emb-plus-vpr-4616:part0:1.0 available at D:/AMDDesignTools/2025.2/data/xhub/boards\XilinxBoardStore\boards\Xilinx\emb-plus-vpr-4616\1.0\board.xml as part xcve2302-sfva784-2mp-e-s specified in board_part file is either invalid or not available
WARNING: [Board 49-26] cannot add Board Part xilinx.com:emb-plus-vpr-4616:part0:1.1 available at D:/AMDDesignTools/2025.2/data/xhub/boards\XilinxBoardStore\boards\Xilinx\emb-plus-vpr-4616\1.1\board.xml as part xcve2302-sfva784-2mp-e-s specified in board_part file is either invalid or not available
WARNING: [Board 49-26] cannot add Board Part xilinx.com:k24c:part0:1.0 available at D:/AMDDesignTools/2025.2/data/xhub/boards\XilinxBoardStore\boards\Xilinx\k24c\1.0\board.xml as part xck24-ubva530-2lv-c specified in board_part file is either invalid or not available
WARNING: [Board 49-26] cannot add Board Part xilinx.com:k24c:part0:1.1 available at D:/AMDDesignTools/2025.2/data/xhub/boards\XilinxBoardStore\boards\Xilinx\k24c\1.1\board.xml as part xck24-ubva530-2lv-c specified in board_part file is either invalid or not available
WARNING: [Board 49-26] cannot add Board Part xilinx.com:k24i:part0:1.0 available at D:/AMDDesignTools/2025.2/data/xhub/boards\XilinxBoardStore\boards\Xilinx\k24i\1.0\board.xml as part xck24-ubva530-2lvi-i specified in board_part file is either invalid or not available
WARNING: [Board 49-26] cannot add Board Part xilinx.com:k26c:part0:1.2 available at D:/AMDDesignTools/2025.2/data/xhub/boards\XilinxBoardStore\boards\Xilinx\k26c\1.2\board.xml as part xck26-sfvc784-2lv-c specified in board_part file is either invalid or not available
WARNING: [Board 49-26] cannot add Board Part xilinx.com:k26c:part0:1.3 available at D:/AMDDesignTools/2025.2/data/xhub/boards\XilinxBoardStore\boards\Xilinx\k26c\1.3\board.xml as part xck26-sfvc784-2lv-c specified in board_part file is either invalid or not available
WARNING: [Board 49-26] cannot add Board Part xilinx.com:k26c:part0:1.4 available at D:/AMDDesignTools/2025.2/data/xhub/boards\XilinxBoardStore\boards\Xilinx\k26c\1.4\board.xml as part xck26-sfvc784-2lv-c specified in board_part file is either invalid or not available
WARNING: [Board 49-26] cannot add Board Part xilinx.com:k26i:part0:1.2 available at D:/AMDDesignTools/2025.2/data/xhub/boards\XilinxBoardStore\boards\Xilinx\k26i\1.2\board.xml as part xck26-sfvc784-2lvi-i specified in board_part file is either invalid or not available
WARNING: [Board 49-26] cannot add Board Part xilinx.com:k26i:part0:1.3 available at D:/AMDDesignTools/2025.2/data/xhub/boards\XilinxBoardStore\boards\Xilinx\k26i\1.3\board.xml as part xck26-sfvc784-2lvi-i specified in board_part file is either invalid or not available
WARNING: [Board 49-26] cannot add Board Part xilinx.com:k26i:part0:1.4 available at D:/AMDDesignTools/2025.2/data/xhub/boards\XilinxBoardStore\boards\Xilinx\k26i\1.4\board.xml as part xck26-sfvc784-2lvi-i specified in board_part file is either invalid or not available
WARNING: [Board 49-26] cannot add Board Part xilinx.com:kc705:part0:1.6 available at D:/AMDDesignTools/2025.2/data/xhub/boards\XilinxBoardStore\boards\Xilinx\kc705\1.6\board.xml as part xc7k325tffg900-2 specified in board_part file is either invalid or not available
WARNING: [Board 49-26] cannot add Board Part xilinx.com:kc705:part0:1.7 available at D:/AMDDesignTools/2025.2/data/xhub/boards\XilinxBoardStore\boards\Xilinx\kc705\1.7\board.xml as part xc7k325tffg900-2 specified in board_part file is either invalid or not available
WARNING: [Board 49-26] cannot add Board Part xilinx.com:kcu105:part0:1.6 available at D:/AMDDesignTools/2025.2/data/xhub/boards\XilinxBoardStore\boards\Xilinx\kcu105\1.6\board.xml as part xcku040-ffva1156-2-e specified in board_part file is either invalid or not available
WARNING: [Board 49-26] cannot add Board Part xilinx.com:kcu105:part0:1.7 available at D:/AMDDesignTools/2025.2/data/xhub/boards\XilinxBoardStore\boards\Xilinx\kcu105\1.7\board.xml as part xcku040-ffva1156-2-e specified in board_part file is either invalid or not available
WARNING: [Board 49-26] cannot add Board Part xilinx.com:kcu116:part0:1.4 available at D:/AMDDesignTools/2025.2/data/xhub/boards\XilinxBoardStore\boards\Xilinx\kcu116\1.4\board.xml as part xcku5p-ffvb676-2-e specified in board_part file is either invalid or not available
WARNING: [Board 49-26] cannot add Board Part xilinx.com:kcu116:part0:1.5 available at D:/AMDDesignTools/2025.2/data/xhub/boards\XilinxBoardStore\boards\Xilinx\kcu116\1.5\board.xml as part xcku5p-ffvb676-2-e specified in board_part file is either invalid or not available
WARNING: [Board 49-26] cannot add Board Part xilinx.com:kcu1500:part0:1.2 available at D:/AMDDesignTools/2025.2/data/xhub/boards\XilinxBoardStore\boards\Xilinx\kcu1500\1.2\board.xml as part xcku115-flvb2104-2-e specified in board_part file is either invalid or not available
WARNING: [Board 49-26] cannot add Board Part xilinx.com:kd240_som:part0:1.0 available at D:/AMDDesignTools/2025.2/data/xhub/boards\XilinxBoardStore\boards\Xilinx\kd240_som\1.0\board.xml as part xck24-ubva530-2lv-c specified in board_part file is either invalid or not available
WARNING: [Board 49-26] cannot add Board Part xilinx.com:kd240_som:part0:1.1 available at D:/AMDDesignTools/2025.2/data/xhub/boards\XilinxBoardStore\boards\Xilinx\kd240_som\1.1\board.xml as part xck24-ubva530-2lv-c specified in board_part file is either invalid or not available
WARNING: [Board 49-26] cannot add Board Part xilinx.com:kr260_som:part0:1.0 available at D:/AMDDesignTools/2025.2/data/xhub/boards\XilinxBoardStore\boards\Xilinx\kr260_som\1.0\board.xml as part xck26-sfvc784-2lv-c specified in board_part file is either invalid or not available
WARNING: [Board 49-26] cannot add Board Part xilinx.com:kr260_som:part0:1.1 available at D:/AMDDesignTools/2025.2/data/xhub/boards\XilinxBoardStore\boards\Xilinx\kr260_som\1.1\board.xml as part xck26-sfvc784-2lv-c specified in board_part file is either invalid or not available
WARNING: [Board 49-26] cannot add Board Part xilinx.com:kv260_som:part0:1.2 available at D:/AMDDesignTools/2025.2/data/xhub/boards\XilinxBoardStore\boards\Xilinx\kv260_som\1.2\board.xml as part xck26-sfvc784-2lv-c specified in board_part file is either invalid or not available
WARNING: [Board 49-26] cannot add Board Part xilinx.com:kv260_som:part0:1.3 available at D:/AMDDesignTools/2025.2/data/xhub/boards\XilinxBoardStore\boards\Xilinx\kv260_som\1.3\board.xml as part xck26-sfvc784-2lv-c specified in board_part file is either invalid or not available
WARNING: [Board 49-26] cannot add Board Part xilinx.com:kv260_som:part0:1.4 available at D:/AMDDesignTools/2025.2/data/xhub/boards\XilinxBoardStore\boards\Xilinx\kv260_som\1.4\board.xml as part xck26-sfvc784-2lv-c specified in board_part file is either invalid or not available
WARNING: [Board 49-26] cannot add Board Part xilinx.com:scu35:part0:1.0 available at D:/AMDDesignTools/2025.2/data/xhub/boards\XilinxBoardStore\boards\Xilinx\scu35\1.0\board.xml as part xcsu35p-sbvb625-2-e specified in board_part file is either invalid or not available
WARNING: [Board 49-26] cannot add Board Part xilinx.com:sp701:part0:1.0 available at D:/AMDDesignTools/2025.2/data/xhub/boards\XilinxBoardStore\boards\Xilinx\sp701\1.0\board.xml as part xc7s100fgga676-2 specified in board_part file is either invalid or not available
WARNING: [Board 49-26] cannot add Board Part xilinx.com:sp701:part0:1.1 available at D:/AMDDesignTools/2025.2/data/xhub/boards\XilinxBoardStore\boards\Xilinx\sp701\1.1\board.xml as part xc7s100fgga676-2 specified in board_part file is either invalid or not available
WARNING: [Board 49-26] cannot add Board Part xilinx.com:v80:part0:1.0 available at D:/AMDDesignTools/2025.2/data/xhub/boards\XilinxBoardStore\boards\Xilinx\v80\1.0\board.xml as part xcv80-lsva4737-2mhp-e-s specified in board_part file is either invalid or not available
WARNING: [Board 49-26] cannot add Board Part xilinx.com:vc707:part0:1.4 available at D:/AMDDesignTools/2025.2/data/xhub/boards\XilinxBoardStore\boards\Xilinx\vc707\1.4\board.xml as part xc7vx485tffg1761-2 specified in board_part file is either invalid or not available
WARNING: [Board 49-26] cannot add Board Part xilinx.com:vc707:part0:1.5 available at D:/AMDDesignTools/2025.2/data/xhub/boards\XilinxBoardStore\boards\Xilinx\vc707\1.5\board.xml as part xc7vx485tffg1761-2 specified in board_part file is either invalid or not available
WARNING: [Board 49-26] cannot add Board Part xilinx.com:vc709:part0:1.8 available at D:/AMDDesignTools/2025.2/data/xhub/boards\XilinxBoardStore\boards\Xilinx\vc709\1.8\board.xml as part xc7vx690tffg1761-2 specified in board_part file is either invalid or not available
WARNING: [Board 49-26] cannot add Board Part xilinx.com:vck190:part0:2.2 available at D:/AMDDesignTools/2025.2/data/xhub/boards\XilinxBoardStore\boards\Xilinx\vck190\production\2.2\board.xml as part xcvc1902-vsva2197-2mp-e-s specified in board_part file is either invalid or not available
WARNING: [Board 49-26] cannot add Board Part xilinx.com:vck190:part0:3.0 available at D:/AMDDesignTools/2025.2/data/xhub/boards\XilinxBoardStore\boards\Xilinx\vck190\production\3.0\board.xml as part xcvc1902-vsva2197-2mp-e-s specified in board_part file is either invalid or not available
WARNING: [Board 49-26] cannot add Board Part xilinx.com:vck190:part0:3.1 available at D:/AMDDesignTools/2025.2/data/xhub/boards\XilinxBoardStore\boards\Xilinx\vck190\production\3.1\board.xml as part xcvc1902-vsva2197-2mp-e-s specified in board_part file is either invalid or not available
WARNING: [Board 49-26] cannot add Board Part xilinx.com:vck190:part0:3.2 available at D:/AMDDesignTools/2025.2/data/xhub/boards\XilinxBoardStore\boards\Xilinx\vck190\production\3.2\board.xml as part xcvc1902-vsva2197-2mp-e-s specified in board_part file is either invalid or not available
WARNING: [Board 49-26] cannot add Board Part xilinx.com:vck190:part0:3.3 available at D:/AMDDesignTools/2025.2/data/xhub/boards\XilinxBoardStore\boards\Xilinx\vck190\production\3.3\board.xml as part xcvc1902-vsva2197-2mp-e-s specified in board_part file is either invalid or not available
WARNING: [Board 49-26] cannot add Board Part xilinx.com:vck190:part0:3.4 available at D:/AMDDesignTools/2025.2/data/xhub/boards\XilinxBoardStore\boards\Xilinx\vck190\production\3.4\board.xml as part xcvc1902-vsva2197-2mp-e-s specified in board_part file is either invalid or not available
WARNING: [Board 49-26] cannot add Board Part xilinx.com:vck190_newl:part0:1.0 available at D:/AMDDesignTools/2025.2/data/xhub/boards\XilinxBoardStore\boards\Xilinx\vck190_newl\production\1.0\board.xml as part xcvc1902-vsva2197-2mp-e-s specified in board_part file is either invalid or not available
WARNING: [Board 49-26] cannot add Board Part xilinx.com:vck190_newl:part0:1.1 available at D:/AMDDesignTools/2025.2/data/xhub/boards\XilinxBoardStore\boards\Xilinx\vck190_newl\production\1.1\board.xml as part xcvc1902-vsva2197-2mp-e-s specified in board_part file is either invalid or not available
WARNING: [Board 49-26] cannot add Board Part xilinx.com:vck190_newl:part0:1.2 available at D:/AMDDesignTools/2025.2/data/xhub/boards\XilinxBoardStore\boards\Xilinx\vck190_newl\production\1.2\board.xml as part xcvc1902-vsva2197-2mp-e-s specified in board_part file is either invalid or not available
WARNING: [Board 49-26] cannot add Board Part xilinx.com:vck190_newl:part0:1.3 available at D:/AMDDesignTools/2025.2/data/xhub/boards\XilinxBoardStore\boards\Xilinx\vck190_newl\production\1.3\board.xml as part xcvc1902-vsva2197-2mp-e-s specified in board_part file is either invalid or not available
WARNING: [Board 49-26] cannot add Board Part xilinx.com:vcu108:part0:1.6 available at D:/AMDDesignTools/2025.2/data/xhub/boards\XilinxBoardStore\boards\Xilinx\vcu108\1.6\board.xml as part xcvu095-ffva2104-2-e specified in board_part file is either invalid or not available
WARNING: [Board 49-26] cannot add Board Part xilinx.com:vcu108:part0:1.7 available at D:/AMDDesignTools/2025.2/data/xhub/boards\XilinxBoardStore\boards\Xilinx\vcu108\1.7\board.xml as part xcvu095-ffva2104-2-e specified in board_part file is either invalid or not available
WARNING: [Board 49-26] cannot add Board Part xilinx.com:vcu110:part0:1.4 available at D:/AMDDesignTools/2025.2/data/xhub/boards\XilinxBoardStore\boards\Xilinx\vcu110\1.4\board.xml as part xcvu190-flgc2104-2-e specified in board_part file is either invalid or not available
WARNING: [Board 49-26] cannot add Board Part xilinx.com:vcu118:part0:2.0 available at D:/AMDDesignTools/2025.2/data/xhub/boards\XilinxBoardStore\boards\Xilinx\vcu118\2.0\board.xml as part xcvu9p-flga2104-2l-e specified in board_part file is either invalid or not available
WARNING: [Board 49-26] cannot add Board Part xilinx.com:vcu118:part0:2.3 available at D:/AMDDesignTools/2025.2/data/xhub/boards\XilinxBoardStore\boards\Xilinx\vcu118\2.3\board.xml as part xcvu9p-flga2104-2l-e specified in board_part file is either invalid or not available
WARNING: [Board 49-26] cannot add Board Part xilinx.com:vcu118:part0:2.4 available at D:/AMDDesignTools/2025.2/data/xhub/boards\XilinxBoardStore\boards\Xilinx\vcu118\2.4\board.xml as part xcvu9p-flga2104-2l-e specified in board_part file is either invalid or not available
WARNING: [Board 49-26] cannot add Board Part xilinx.com:vcu128:part0:1.0 available at D:/AMDDesignTools/2025.2/data/xhub/boards\XilinxBoardStore\boards\Xilinx\vcu128\production\1.0\board.xml as part xcvu37p-fsvh2892-2l-e specified in board_part file is either invalid or not available
WARNING: [Board 49-26] cannot add Board Part xilinx.com:vcu129:part0:1.0 available at D:/AMDDesignTools/2025.2/data/xhub/boards\XilinxBoardStore\boards\Xilinx\vcu129\production\1.0\board.xml as part xcvu29p-fsga2577-2l-e specified in board_part file is either invalid or not available
WARNING: [Board 49-26] cannot add Board Part xilinx.com:vcu1525:part0:1.3 available at D:/AMDDesignTools/2025.2/data/xhub/boards\XilinxBoardStore\boards\Xilinx\vcu1525\1.3\board.xml as part xcvu9p-fsgd2104-2l-e specified in board_part file is either invalid or not available
WARNING: [Board 49-26] cannot add Board Part xilinx.com:vek280:part0:1.0 available at D:/AMDDesignTools/2025.2/data/xhub/boards\XilinxBoardStore\boards\Xilinx\vek280\production\1.0\board.xml as part xcve2802-vsvh1760-2mp-e-s specified in board_part file is either invalid or not available
WARNING: [Board 49-26] cannot add Board Part xilinx.com:vek280:part0:1.1 available at D:/AMDDesignTools/2025.2/data/xhub/boards\XilinxBoardStore\boards\Xilinx\vek280\production\1.1\board.xml as part xcve2802-vsvh1760-2mp-e-s specified in board_part file is either invalid or not available
WARNING: [Board 49-26] cannot add Board Part xilinx.com:vek280:part0:1.2 available at D:/AMDDesignTools/2025.2/data/xhub/boards\XilinxBoardStore\boards\Xilinx\vek280\production\1.2\board.xml as part xcve2802-vsvh1760-2mp-e-s specified in board_part file is either invalid or not available
WARNING: [Board 49-26] cannot add Board Part xilinx.com:vek385:part0:1.0 available at D:/AMDDesignTools/2025.2/data/xhub/boards\XilinxBoardStore\boards\Xilinx\vek385\1.0\board.xml as part xc2ve3858-ssva2112-2mp-e-s specified in board_part file is either invalid or not available
WARNING: [Board 49-26] cannot add Board Part xilinx.com:vek385:part0:1.1 available at D:/AMDDesignTools/2025.2/data/xhub/boards\XilinxBoardStore\boards\Xilinx\vek385\1.1\board.xml as part xc2ve3858-ssva2112-2mp-e-s specified in board_part file is either invalid or not available
WARNING: [Board 49-26] cannot add Board Part xilinx.com:vek385_1:part0:1.0 available at D:/AMDDesignTools/2025.2/data/xhub/boards\XilinxBoardStore\boards\Xilinx\vek385_2\1.0\board.xml as part xc2ve3858-ssva2112-2mp-e-s specified in board_part file is either invalid or not available
WARNING: [Board 49-26] cannot add Board Part xilinx.com:vermeo_t1_mpsoc:part0:1.0 available at D:/AMDDesignTools/2025.2/data/xhub/boards\XilinxBoardStore\boards\Xilinx\vermeo_t1_mpsoc\1.0\board.xml as part xczu19eg-ffvd1760-2l-e specified in board_part file is either invalid or not available
WARNING: [Board 49-26] cannot add Board Part xilinx.com:vermeo_t1_rfsoc:part0:1.0 available at D:/AMDDesignTools/2025.2/data/xhub/boards\XilinxBoardStore\boards\Xilinx\vermeo_t1_rfsoc\1.0\board.xml as part xczu21dr-ffvd1156-2l-e specified in board_part file is either invalid or not available
WARNING: [Board 49-26] cannot add Board Part xilinx.com:vhk158:part0:1.0 available at D:/AMDDesignTools/2025.2/data/xhub/boards\XilinxBoardStore\boards\Xilinx\vhk158\production\1.0\board.xml as part xcvh1582-vsva3697-2mp-e-s specified in board_part file is either invalid or not available
WARNING: [Board 49-26] cannot add Board Part xilinx.com:vhk158:part0:1.1 available at D:/AMDDesignTools/2025.2/data/xhub/boards\XilinxBoardStore\boards\Xilinx\vhk158\production\1.1\board.xml as part xcvh1582-vsva3697-2mp-e-s specified in board_part file is either invalid or not available
WARNING: [Board 49-26] cannot add Board Part xilinx.com:vhk158:part0:1.2 available at D:/AMDDesignTools/2025.2/data/xhub/boards\XilinxBoardStore\boards\Xilinx\vhk158\production\1.2\board.xml as part xcvh1582-vsva3697-2mp-e-s specified in board_part file is either invalid or not available
WARNING: [Board 49-26] cannot add Board Part xilinx.com:vmk180:part0:2.2 available at D:/AMDDesignTools/2025.2/data/xhub/boards\XilinxBoardStore\boards\Xilinx\vmk180\production\2.2\board.xml as part xcvm1802-vsva2197-2mp-e-s specified in board_part file is either invalid or not available
WARNING: [Board 49-26] cannot add Board Part xilinx.com:vmk180:part0:3.0 available at D:/AMDDesignTools/2025.2/data/xhub/boards\XilinxBoardStore\boards\Xilinx\vmk180\production\3.0\board.xml as part xcvm1802-vsva2197-2mp-e-s specified in board_part file is either invalid or not available
WARNING: [Board 49-26] cannot add Board Part xilinx.com:vmk180:part0:3.1 available at D:/AMDDesignTools/2025.2/data/xhub/boards\XilinxBoardStore\boards\Xilinx\vmk180\production\3.1\board.xml as part xcvm1802-vsva2197-2mp-e-s specified in board_part file is either invalid or not available
WARNING: [Board 49-26] cannot add Board Part xilinx.com:vmk180:part0:3.2 available at D:/AMDDesignTools/2025.2/data/xhub/boards\XilinxBoardStore\boards\Xilinx\vmk180\production\3.2\board.xml as part xcvm1802-vsva2197-2mp-e-s specified in board_part file is either invalid or not available
WARNING: [Board 49-26] cannot add Board Part xilinx.com:vmk180:part0:3.3 available at D:/AMDDesignTools/2025.2/data/xhub/boards\XilinxBoardStore\boards\Xilinx\vmk180\production\3.3\board.xml as part xcvm1802-vsva2197-2mp-e-s specified in board_part file is either invalid or not available
WARNING: [Board 49-26] cannot add Board Part xilinx.com:vmk180_newl:part0:1.0 available at D:/AMDDesignTools/2025.2/data/xhub/boards\XilinxBoardStore\boards\Xilinx\vmk180_newl\production\1.0\board.xml as part xcvm1802-vsva2197-2mp-e-s specified in board_part file is either invalid or not available
WARNING: [Board 49-26] cannot add Board Part xilinx.com:vmk180_newl:part0:1.1 available at D:/AMDDesignTools/2025.2/data/xhub/boards\XilinxBoardStore\boards\Xilinx\vmk180_newl\production\1.1\board.xml as part xcvm1802-vsva2197-2mp-e-s specified in board_part file is either invalid or not available
WARNING: [Board 49-26] cannot add Board Part xilinx.com:vpk120:part0:1.0 available at D:/AMDDesignTools/2025.2/data/xhub/boards\XilinxBoardStore\boards\Xilinx\vpk120\production\1.0\board.xml as part xcvp1202-vsva2785-2mp-e-s specified in board_part file is either invalid or not available
WARNING: [Board 49-26] cannot add Board Part xilinx.com:vpk120:part0:1.1 available at D:/AMDDesignTools/2025.2/data/xhub/boards\XilinxBoardStore\boards\Xilinx\vpk120\production\1.1\board.xml as part xcvp1202-vsva2785-2mp-e-s specified in board_part file is either invalid or not available
WARNING: [Board 49-26] cannot add Board Part xilinx.com:vpk120:part0:1.2 available at D:/AMDDesignTools/2025.2/data/xhub/boards\XilinxBoardStore\boards\Xilinx\vpk120\production\1.2\board.xml as part xcvp1202-vsva2785-2mp-e-s specified in board_part file is either invalid or not available
WARNING: [Board 49-26] cannot add Board Part xilinx.com:vpk180:part0:1.0 available at D:/AMDDesignTools/2025.2/data/xhub/boards\XilinxBoardStore\boards\Xilinx\vpk180\production\1.0\board.xml as part xcvp1802-lsvc4072-2mp-e-s specified in board_part file is either invalid or not available
WARNING: [Board 49-26] cannot add Board Part xilinx.com:vpk180:part0:1.1 available at D:/AMDDesignTools/2025.2/data/xhub/boards\XilinxBoardStore\boards\Xilinx\vpk180\production\1.1\board.xml as part xcvp1802-lsvc4072-2mp-e-s specified in board_part file is either invalid or not available
WARNING: [Board 49-26] cannot add Board Part xilinx.com:vpk180:part0:1.2 available at D:/AMDDesignTools/2025.2/data/xhub/boards\XilinxBoardStore\boards\Xilinx\vpk180\production\1.2\board.xml as part xcvp1802-lsvc4072-2mp-e-s specified in board_part file is either invalid or not available
WARNING: [Board 49-26] cannot add Board Part xilinx.com:vrk160:part0:1.0 available at D:/AMDDesignTools/2025.2/data/xhub/boards\XilinxBoardStore\boards\Xilinx\vrk160\1.0\board.xml as part xcvr1602-vsva2488-2mp-e-s-es1 specified in board_part file is either invalid or not available
WARNING: [Board 49-26] cannot add Board Part xilinx.com:vrk160:part0:1.1 available at D:/AMDDesignTools/2025.2/data/xhub/boards\XilinxBoardStore\boards\Xilinx\vrk160\1.1\board.xml as part xcvr1602-vsva2488-2mp-e-s-es1 specified in board_part file is either invalid or not available
WARNING: [Board 49-26] cannot add Board Part xilinx.com:zc702:part0:1.4 available at D:/AMDDesignTools/2025.2/data/xhub/boards\XilinxBoardStore\boards\Xilinx\zc702\1.4\board.xml as part xc7z020clg484-1 specified in board_part file is either invalid or not available
WARNING: [Board 49-26] cannot add Board Part xilinx.com:zc706:part0:1.4 available at D:/AMDDesignTools/2025.2/data/xhub/boards\XilinxBoardStore\boards\Xilinx\zc706\1.4\board.xml as part xc7z045ffg900-2 specified in board_part file is either invalid or not available
WARNING: [Board 49-26] cannot add Board Part xilinx.com:zc706:part0:1.5 available at D:/AMDDesignTools/2025.2/data/xhub/boards\XilinxBoardStore\boards\Xilinx\zc706\1.5\board.xml as part xc7z045ffg900-2 specified in board_part file is either invalid or not available
WARNING: [Board 49-26] cannot add Board Part xilinx.com:zcu102:part0:3.3 available at D:/AMDDesignTools/2025.2/data/xhub/boards\XilinxBoardStore\boards\Xilinx\zcu102\3.3\board.xml as part xczu9eg-ffvb1156-2-e specified in board_part file is either invalid or not available
WARNING: [Board 49-26] cannot add Board Part xilinx.com:zcu102:part0:3.4 available at D:/AMDDesignTools/2025.2/data/xhub/boards\XilinxBoardStore\boards\Xilinx\zcu102\3.4\board.xml as part xczu9eg-ffvb1156-2-e specified in board_part file is either invalid or not available
WARNING: [Board 49-26] cannot add Board Part xilinx.com:zcu104:part0:1.1 available at D:/AMDDesignTools/2025.2/data/xhub/boards\XilinxBoardStore\boards\Xilinx\zcu104\1.1\board.xml as part xczu7ev-ffvc1156-2-e specified in board_part file is either invalid or not available
WARNING: [Board 49-26] cannot add Board Part xilinx.com:zcu106:part0:2.4 available at D:/AMDDesignTools/2025.2/data/xhub/boards\XilinxBoardStore\boards\Xilinx\zcu106\2.4\board.xml as part xczu7ev-ffvc1156-2-e specified in board_part file is either invalid or not available
WARNING: [Board 49-26] cannot add Board Part xilinx.com:zcu106:part0:2.5 available at D:/AMDDesignTools/2025.2/data/xhub/boards\XilinxBoardStore\boards\Xilinx\zcu106\2.5\board.xml as part xczu7ev-ffvc1156-2-e specified in board_part file is either invalid or not available
WARNING: [Board 49-26] cannot add Board Part xilinx.com:zcu106:part0:2.6 available at D:/AMDDesignTools/2025.2/data/xhub/boards\XilinxBoardStore\boards\Xilinx\zcu106\2.6\board.xml as part xczu7ev-ffvc1156-2-e specified in board_part file is either invalid or not available
WARNING: [Board 49-26] cannot add Board Part xilinx.com:zcu111:part0:1.2 available at D:/AMDDesignTools/2025.2/data/xhub/boards\XilinxBoardStore\boards\Xilinx\zcu111\1.2\board.xml as part xczu28dr-ffvg1517-2-e specified in board_part file is either invalid or not available
WARNING: [Board 49-26] cannot add Board Part xilinx.com:zcu111:part0:1.3 available at D:/AMDDesignTools/2025.2/data/xhub/boards\XilinxBoardStore\boards\Xilinx\zcu111\1.3\board.xml as part xczu28dr-ffvg1517-2-e specified in board_part file is either invalid or not available
WARNING: [Board 49-26] cannot add Board Part xilinx.com:zcu111:part0:1.4 available at D:/AMDDesignTools/2025.2/data/xhub/boards\XilinxBoardStore\boards\Xilinx\zcu111\1.4\board.xml as part xczu28dr-ffvg1517-2-e specified in board_part file is either invalid or not available
WARNING: [Board 49-26] cannot add Board Part xilinx.com:zcu1275:part0:1.0 available at D:/AMDDesignTools/2025.2/data/xhub/boards\XilinxBoardStore\boards\Xilinx\zcu1275\1.0\board.xml as part xczu29dr-ffvf1760-2-e specified in board_part file is either invalid or not available
WARNING: [Board 49-26] cannot add Board Part xilinx.com:zcu1285:part0:1.0 available at D:/AMDDesignTools/2025.2/data/xhub/boards\XilinxBoardStore\boards\Xilinx\zcu1285\1.0\board.xml as part xczu39dr-ffvf1760-2-i specified in board_part file is either invalid or not available
WARNING: [Board 49-26] cannot add Board Part xilinx.com:zcu208:part0:2.0 available at D:/AMDDesignTools/2025.2/data/xhub/boards\XilinxBoardStore\boards\Xilinx\zcu208\production\2.0\board.xml as part xczu48dr-fsvg1517-2-e specified in board_part file is either invalid or not available
WARNING: [Board 49-26] cannot add Board Part xilinx.com:zcu208ld:part0:2.0 available at D:/AMDDesignTools/2025.2/data/xhub/boards\XilinxBoardStore\boards\Xilinx\zcu208ld\production\2.0\board.xml as part xczu58dr-fsvg1517-2-i specified in board_part file is either invalid or not available
WARNING: [Board 49-26] cannot add Board Part xilinx.com:zcu216:part0:2.0 available at D:/AMDDesignTools/2025.2/data/xhub/boards\XilinxBoardStore\boards\Xilinx\zcu216\production\2.0\board.xml as part xczu49dr-ffvf1760-2-e specified in board_part file is either invalid or not available
WARNING: [Board 49-26] cannot add Board Part xilinx.com:zcu216ld:part0:2.0 available at D:/AMDDesignTools/2025.2/data/xhub/boards\XilinxBoardStore\boards\Xilinx\zcu216ld\production\2.0\board.xml as part xczu59dr-ffvf1760-2-i specified in board_part file is either invalid or not available
WARNING: [Board 49-26] cannot add Board Part xilinx.com:zcu670:part0:2.0 available at D:/AMDDesignTools/2025.2/data/xhub/boards\XilinxBoardStore\boards\Xilinx\zcu670\2.0\board.xml as part xczu67dr-fsve1156-2-i specified in board_part file is either invalid or not available
WARNING: [Board 49-26] cannot add Board Part xilinx.com:zcu670ld:part0:1.0 available at D:/AMDDesignTools/2025.2/data/xhub/boards\XilinxBoardStore\boards\Xilinx\zcu670ld\1.0\board.xml as part xczu57dr-fsve1156-2-i specified in board_part file is either invalid or not available
Scanning sources...
Finished scanning sources
WARNING: [Project 1-509] GeneratedRun file for 'synth_1' not found
WARNING: [Project 1-509] GeneratedRun file for 'ila_0_synth_1' not found
WARNING: [Project 1-509] GeneratedRun file for 'impl_1' not found
WARNING: [Board 49-26] cannot add Board Part xilinx.com:emb-plus-vpr-4616:part0:1.0 available at D:/AMDDesignTools/2025.2/data/xhub/boards\XilinxBoardStore\boards\Xilinx\emb-plus-vpr-4616\1.0\board.xml as part xcve2302-sfva784-2mp-e-s specified in board_part file is either invalid or not available
WARNING: [Board 49-26] cannot add Board Part xilinx.com:emb-plus-vpr-4616:part0:1.1 available at D:/AMDDesignTools/2025.2/data/xhub/boards\XilinxBoardStore\boards\Xilinx\emb-plus-vpr-4616\1.1\board.xml as part xcve2302-sfva784-2mp-e-s specified in board_part file is either invalid or not available
WARNING: [Board 49-26] cannot add Board Part xilinx.com:k24c:part0:1.0 available at D:/AMDDesignTools/2025.2/data/xhub/boards\XilinxBoardStore\boards\Xilinx\k24c\1.0\board.xml as part xck24-ubva530-2lv-c specified in board_part file is either invalid or not available
INFO: [Common 17-14] Message 'Board 49-26' appears 100 times and further instances of the messages will be disabled. Use the Tcl command set_msg_config to change the current settings.
WARNING: [Project 1-5713] Board part '' set for the project  is not found. BoardPart property will be unset. Please select board from latest repo build 
INFO: [IP_Flow 19-234] Refreshing IP repositories
INFO: [IP_Flow 19-1704] No user IP repositories specified
INFO: [IP_Flow 19-2313] Loaded Vivado IP repository 'D:/AMDDesignTools/2025.2/Vivado/data/ip'.
WARNING: [IP_Flow 19-12246] XCI file 'c:/Users/qipif/Desktop/FPGAProject/01_Preference/08_mypll/project/mypll.srcs/sources_1/ip/ila_0/ila_0.xci' contents have changed since it was last written.
open_project: Time (s): cpu = 00:01:32 ; elapsed = 00:01:08 . Memory (MB): peak = 1796.418 ; gain = 369.527
update_compile_order -fileset sources_1
eset_property strategy Flow_Quick [get_runs impl_1]
set_param general.maxThreads 8
8
reset_run synth_1
launch_runs impl_1 -to_step write_bitstream -jobs 10
[Wed May 20 11:17:37 2026] Launched ila_0_synth_1, synth_1...
Run output will be captured here:
ila_0_synth_1: C:/Users/qipif/Desktop/FPGAProject/01_Preference/08_mypll/project/mypll.runs/ila_0_synth_1/runme.log
synth_1: C:/Users/qipif/Desktop/FPGAProject/01_Preference/08_mypll/project/mypll.runs/synth_1/runme.log
[Wed May 20 11:17:37 2026] Launched impl_1...
Run output will be captured here: C:/Users/qipif/Desktop/FPGAProject/01_Preference/08_mypll/project/mypll.runs/impl_1/runme.log
reset_run synth_1
reset_run ila_0_synth_1
launch_runs impl_1 -to_step write_bitstream -jobs 10
INFO: [IP_Flow 19-1686] Generating 'Synthesis' target for IP 'ila_0'...
WARNING: [IP_Flow 19-4994] Overwriting existing constraint file 'c:/Users/qipif/Desktop/FPGAProject/01_Preference/08_mypll/project/mypll.gen/sources_1/ip/ila_0/ila_0_ooc.xdc'
INFO: [IP_Flow 19-1686] Generating 'Implementation' target for IP 'ila_0'...
[Wed May 20 11:18:40 2026] Launched ila_0_synth_1, synth_1...
Run output will be captured here:
ila_0_synth_1: C:/Users/qipif/Desktop/FPGAProject/01_Preference/08_mypll/project/mypll.runs/ila_0_synth_1/runme.log
synth_1: C:/Users/qipif/Desktop/FPGAProject/01_Preference/08_mypll/project/mypll.runs/synth_1/runme.log
[Wed May 20 11:18:40 2026] Launched impl_1...
Run output will be captured here: C:/Users/qipif/Desktop/FPGAProject/01_Preference/08_mypll/project/mypll.runs/impl_1/runme.log
INFO: [Device 21-403] Loading part xc7a35tfgg484-2
set_property -dict [list \
  CONFIG.CLKIN1_JITTER_PS {200.0} \
  CONFIG.CLKOUT1_JITTER {162.035} \
  CONFIG.CLKOUT1_PHASE_ERROR {164.985} \
  CONFIG.MMCM_CLKFBOUT_MULT_F {20.000} \
  CONFIG.MMCM_CLKIN1_PERIOD {20.000} \
  CONFIG.MMCM_CLKIN2_PERIOD {10.0} \
  CONFIG.PRIM_IN_FREQ {50} \
] [get_ips clk_wiz_0]
generate_target all [get_files  C:/Users/qipif/Desktop/FPGAProject/01_Preference/08_mypll/project/mypll.srcs/sources_1/ip/clk_wiz_0/clk_wiz_0.xci]
INFO: [IP_Flow 19-1686] Generating 'Instantiation Template' target for IP 'clk_wiz_0'...
INFO: [IP_Flow 19-1686] Generating 'Synthesis' target for IP 'clk_wiz_0'...
INFO: [IP_Flow 19-1686] Generating 'Simulation' target for IP 'clk_wiz_0'...
INFO: [IP_Flow 19-1686] Generating 'Implementation' target for IP 'clk_wiz_0'...
INFO: [IP_Flow 19-1686] Generating 'Change Log' target for IP 'clk_wiz_0'...
catch { config_ip_cache -export [get_ips -all clk_wiz_0] }
export_ip_user_files -of_objects [get_files C:/Users/qipif/Desktop/FPGAProject/01_Preference/08_mypll/project/mypll.srcs/sources_1/ip/clk_wiz_0/clk_wiz_0.xci] -no_script -sync -force -quiet
reset_run clk_wiz_0_synth_1
launch_runs clk_wiz_0_synth_1 -jobs 10
[Wed May 20 11:27:48 2026] Launched clk_wiz_0_synth_1...
Run output will be captured here: C:/Users/qipif/Desktop/FPGAProject/01_Preference/08_mypll/project/mypll.runs/clk_wiz_0_synth_1/runme.log
export_simulation -lib_map_path [list {modelsim=C:/Users/qipif/Desktop/FPGAProject/01_Preference/08_mypll/project/mypll.cache/compile_simlib/modelsim} {questa=C:/Users/qipif/Desktop/FPGAProject/01_Preference/08_mypll/project/mypll.cache/compile_simlib/questa} {riviera=C:/Users/qipif/Desktop/FPGAProject/01_Preference/08_mypll/project/mypll.cache/compile_simlib/riviera} {activehdl=C:/Users/qipif/Desktop/FPGAProject/01_Preference/08_mypll/project/mypll.cache/compile_simlib/activehdl}] -of_objects [get_files C:/Users/qipif/Desktop/FPGAProject/01_Preference/08_mypll/project/mypll.srcs/sources_1/ip/clk_wiz_0/clk_wiz_0.xci] -directory C:/Users/qipif/Desktop/FPGAProject/01_Preference/08_mypll/project/mypll.ip_user_files/sim_scripts -ip_user_files_dir C:/Users/qipif/Desktop/FPGAProject/01_Preference/08_mypll/project/mypll.ip_user_files -ipstatic_source_dir C:/Users/qipif/Desktop/FPGAProject/01_Preference/08_mypll/project/mypll.ip_user_files/ipstatic -use_ip_compiled_libs -force -quiet
reset_run synth_1
INFO: [Project 1-1161] Replacing file C:/Users/qipif/Desktop/FPGAProject/01_Preference/08_mypll/project/mypll.srcs/utils_1/imports/synth_1/top.dcp with file C:/Users/qipif/Desktop/FPGAProject/01_Preference/08_mypll/project/mypll.runs/synth_1/top.dcp
WARNING: [Vivado 12-1017] Problems encountered:
1. Failed to delete one or more files in run directory C:/Users/qipif/Desktop/FPGAProject/01_Preference/08_mypll/project/mypll.runs/synth_1

launch_runs impl_1 -to_step write_bitstream -jobs 10
[Wed May 20 11:28:18 2026] Launched clk_wiz_0_synth_1, synth_1...
Run output will be captured here:
clk_wiz_0_synth_1: C:/Users/qipif/Desktop/FPGAProject/01_Preference/08_mypll/project/mypll.runs/clk_wiz_0_synth_1/runme.log
synth_1: C:/Users/qipif/Desktop/FPGAProject/01_Preference/08_mypll/project/mypll.runs/synth_1/runme.log
[Wed May 20 11:28:18 2026] Launched impl_1...
Run output will be captured here: C:/Users/qipif/Desktop/FPGAProject/01_Preference/08_mypll/project/mypll.runs/impl_1/runme.log
open_hw_manager
connect_hw_server -allow_non_jtag
INFO: [Labtools 27-2285] Connecting to hw_server url TCP:localhost:3121
INFO: [Labtools 27-2222] Launching hw_server...
INFO: [Labtools 27-2221] Launch Output:

****** Xilinx hw_server v2025.2
  **** Build date : Oct 28 2025 at 10:03:13
    ** Copyright 1986-2022 Xilinx, Inc. All Rights Reserved.


INFO: [Labtools 27-3415] Connecting to cs_server url TCP:localhost:0
INFO: [Labtools 27-3417] Launching cs_server...
INFO: [Labtools 27-2221] Launch Output:


******** Xilinx cs_server v2025.2.0
  ****** Build date   : Nov 14 2025-07:16:52
    **** Build number : 2025.2.1763075812
      ** Copyright 2017-2022 Xilinx, Inc. All Rights Reserved.
      ** Copyright 2022-2026 Advanced Micro Devices, Inc. All Rights Reserved.



connect_hw_server: Time (s): cpu = 00:00:01 ; elapsed = 00:00:06 . Memory (MB): peak = 2060.215 ; gain = 0.000
open_hw_target
INFO: [Labtoolstcl 44-466] Opening hw_target localhost:3121/xilinx_tcf/Digilent/210512180081
set_property PROGRAM.FILE {C:/Users/qipif/Desktop/FPGAProject/01_Preference/08_mypll/project/mypll.runs/impl_1/top.bit} [get_hw_devices xc7a35t_0]
set_property PROBES.FILE {C:/Users/qipif/Desktop/FPGAProject/01_Preference/08_mypll/project/mypll.runs/impl_1/top.ltx} [get_hw_devices xc7a35t_0]
set_property FULL_PROBES.FILE {C:/Users/qipif/Desktop/FPGAProject/01_Preference/08_mypll/project/mypll.runs/impl_1/top.ltx} [get_hw_devices xc7a35t_0]
current_hw_device [get_hw_devices xc7a35t_0]
refresh_hw_device [lindex [get_hw_devices xc7a35t_0] 0]
INFO: [Labtools 27-1434] Device xc7a35t (JTAG device index = 0) is programmed with a design that has no supported soft debug core(s) in it.
WARNING: [Labtools 27-3361] The debug hub core was not detected.
Resolution: 
1. Make sure the clock connected to the debug hub (dbg_hub) core is a free running clock and is active.
2. Make sure the BSCAN_SWITCH_USER_MASK device property in Vivado Hardware Manager reflects the user scan chain setting in the design and refresh the device.  To determine the user scan chain setting in the design, open the implemented design and use 'get_property C_USER_SCAN_CHAIN [get_debug_cores dbg_hub]'.
For more details on setting the scan chain property, consult the Vivado Debug and Programming User Guide (UG908).
WARNING: [Labtools 27-3413] Dropping logic core with cellname:'u_ila' at location 'uuid_C30A833047BA52038DBC7E3E3214D902' from probes file, since it cannot be found on the programmed device.
set_property PROBES.FILE {C:/Users/qipif/Desktop/FPGAProject/01_Preference/08_mypll/project/mypll.runs/impl_1/top.ltx} [get_hw_devices xc7a35t_0]
set_property FULL_PROBES.FILE {C:/Users/qipif/Desktop/FPGAProject/01_Preference/08_mypll/project/mypll.runs/impl_1/top.ltx} [get_hw_devices xc7a35t_0]
set_property PROGRAM.FILE {C:/Users/qipif/Desktop/FPGAProject/01_Preference/08_mypll/project/mypll.runs/impl_1/top.bit} [get_hw_devices xc7a35t_0]
program_hw_devices [get_hw_devices xc7a35t_0]
INFO: [Labtools 27-3164] End of startup status: HIGH
refresh_hw_device [lindex [get_hw_devices xc7a35t_0] 0]
INFO: [Labtools 27-2302] Device xc7a35t (JTAG device index = 0) is programmed with a design that has 1 ILA core(s).
display_hw_ila_data [ get_hw_ila_data hw_ila_data_1 -of_objects [get_hw_ilas -of_objects [get_hw_devices xc7a35t_0] -filter {CELL_NAME=~"u_ila"}]]
WARNING: Simulation object nco_sin was not found in the design.
run_hw_ila [get_hw_ilas -of_objects [get_hw_devices xc7a35t_0] -filter {CELL_NAME=~"u_ila"}]
INFO: [Labtools 27-1964] The ILA core 'hw_ila_1' trigger was armed at 2026-May-20 11:38:10
wait_on_hw_ila [get_hw_ilas -of_objects [get_hw_devices xc7a35t_0] -filter {CELL_NAME=~"u_ila"}]
display_hw_ila_data [upload_hw_ila_data [get_hw_ilas -of_objects [get_hw_devices xc7a35t_0] -filter {CELL_NAME=~"u_ila"}]]
INFO: [Labtools 27-1966] The ILA core 'hw_ila_1' triggered at 2026-May-20 11:38:10
INFO: [Labtools 27-3304] ILA Waveform data saved to file C:/Users/qipif/Desktop/FPGAProject/01_Preference/08_mypll/project/mypll.hw/backup/hw_ila_data_1.ila. Use Tcl command 'read_hw_ila_data' or Vivado File->Import->Import ILA Data menu item to import the previously saved data.
run_hw_ila [get_hw_ilas -of_objects [get_hw_devices xc7a35t_0] -filter {CELL_NAME=~"u_ila"}]
INFO: [Labtools 27-1964] The ILA core 'hw_ila_1' trigger was armed at 2026-May-20 11:38:27
wait_on_hw_ila [get_hw_ilas -of_objects [get_hw_devices xc7a35t_0] -filter {CELL_NAME=~"u_ila"}]
display_hw_ila_data [upload_hw_ila_data [get_hw_ilas -of_objects [get_hw_devices xc7a35t_0] -filter {CELL_NAME=~"u_ila"}]]
INFO: [Labtools 27-1966] The ILA core 'hw_ila_1' triggered at 2026-May-20 11:38:27
INFO: [Labtools 27-3304] ILA Waveform data saved to file C:/Users/qipif/Desktop/FPGAProject/01_Preference/08_mypll/project/mypll.hw/backup/hw_ila_data_1.ila. Use Tcl command 'read_hw_ila_data' or Vivado File->Import->Import ILA Data menu item to import the previously saved data.
run_hw_ila [get_hw_ilas -of_objects [get_hw_devices xc7a35t_0] -filter {CELL_NAME=~"u_ila"}]
INFO: [Labtools 27-1964] The ILA core 'hw_ila_1' trigger was armed at 2026-May-20 11:38:30
wait_on_hw_ila [get_hw_ilas -of_objects [get_hw_devices xc7a35t_0] -filter {CELL_NAME=~"u_ila"}]
display_hw_ila_data [upload_hw_ila_data [get_hw_ilas -of_objects [get_hw_devices xc7a35t_0] -filter {CELL_NAME=~"u_ila"}]]
INFO: [Labtools 27-1966] The ILA core 'hw_ila_1' triggered at 2026-May-20 11:38:30
INFO: [Labtools 27-3304] ILA Waveform data saved to file C:/Users/qipif/Desktop/FPGAProject/01_Preference/08_mypll/project/mypll.hw/backup/hw_ila_data_1.ila. Use Tcl command 'read_hw_ila_data' or Vivado File->Import->Import ILA Data menu item to import the previously saved data.
run_hw_ila [get_hw_ilas -of_objects [get_hw_devices xc7a35t_0] -filter {CELL_NAME=~"u_ila"}]
INFO: [Labtools 27-1964] The ILA core 'hw_ila_1' trigger was armed at 2026-May-20 11:38:34
wait_on_hw_ila [get_hw_ilas -of_objects [get_hw_devices xc7a35t_0] -filter {CELL_NAME=~"u_ila"}]
display_hw_ila_data [upload_hw_ila_data [get_hw_ilas -of_objects [get_hw_devices xc7a35t_0] -filter {CELL_NAME=~"u_ila"}]]
INFO: [Labtools 27-1966] The ILA core 'hw_ila_1' triggered at 2026-May-20 11:38:34
INFO: [Labtools 27-3304] ILA Waveform data saved to file C:/Users/qipif/Desktop/FPGAProject/01_Preference/08_mypll/project/mypll.hw/backup/hw_ila_data_1.ila. Use Tcl command 'read_hw_ila_data' or Vivado File->Import->Import ILA Data menu item to import the previously saved data.
run_hw_ila [get_hw_ilas -of_objects [get_hw_devices xc7a35t_0] -filter {CELL_NAME=~"u_ila"}]
INFO: [Labtools 27-1964] The ILA core 'hw_ila_1' trigger was armed at 2026-May-20 11:38:37
wait_on_hw_ila [get_hw_ilas -of_objects [get_hw_devices xc7a35t_0] -filter {CELL_NAME=~"u_ila"}]
display_hw_ila_data [upload_hw_ila_data [get_hw_ilas -of_objects [get_hw_devices xc7a35t_0] -filter {CELL_NAME=~"u_ila"}]]
INFO: [Labtools 27-1966] The ILA core 'hw_ila_1' triggered at 2026-May-20 11:38:37
INFO: [Labtools 27-3304] ILA Waveform data saved to file C:/Users/qipif/Desktop/FPGAProject/01_Preference/08_mypll/project/mypll.hw/backup/hw_ila_data_1.ila. Use Tcl command 'read_hw_ila_data' or Vivado File->Import->Import ILA Data menu item to import the previously saved data.
run_hw_ila [get_hw_ilas -of_objects [get_hw_devices xc7a35t_0] -filter {CELL_NAME=~"u_ila"}]
INFO: [Labtools 27-1964] The ILA core 'hw_ila_1' trigger was armed at 2026-May-20 11:38:40
wait_on_hw_ila [get_hw_ilas -of_objects [get_hw_devices xc7a35t_0] -filter {CELL_NAME=~"u_ila"}]
display_hw_ila_data [upload_hw_ila_data [get_hw_ilas -of_objects [get_hw_devices xc7a35t_0] -filter {CELL_NAME=~"u_ila"}]]
INFO: [Labtools 27-1966] The ILA core 'hw_ila_1' triggered at 2026-May-20 11:38:40
INFO: [Labtools 27-3304] ILA Waveform data saved to file C:/Users/qipif/Desktop/FPGAProject/01_Preference/08_mypll/project/mypll.hw/backup/hw_ila_data_1.ila. Use Tcl command 'read_hw_ila_data' or Vivado File->Import->Import ILA Data menu item to import the previously saved data.
run_hw_ila [get_hw_ilas -of_objects [get_hw_devices xc7a35t_0] -filter {CELL_NAME=~"u_ila"}]
INFO: [Labtools 27-1964] The ILA core 'hw_ila_1' trigger was armed at 2026-May-20 11:38:43
wait_on_hw_ila [get_hw_ilas -of_objects [get_hw_devices xc7a35t_0] -filter {CELL_NAME=~"u_ila"}]
display_hw_ila_data [upload_hw_ila_data [get_hw_ilas -of_objects [get_hw_devices xc7a35t_0] -filter {CELL_NAME=~"u_ila"}]]
INFO: [Labtools 27-1966] The ILA core 'hw_ila_1' triggered at 2026-May-20 11:38:43
INFO: [Labtools 27-3304] ILA Waveform data saved to file C:/Users/qipif/Desktop/FPGAProject/01_Preference/08_mypll/project/mypll.hw/backup/hw_ila_data_1.ila. Use Tcl command 'read_hw_ila_data' or Vivado File->Import->Import ILA Data menu item to import the previously saved data.
run_hw_ila [get_hw_ilas -of_objects [get_hw_devices xc7a35t_0] -filter {CELL_NAME=~"u_ila"}]
INFO: [Labtools 27-1964] The ILA core 'hw_ila_1' trigger was armed at 2026-May-20 11:38:47
wait_on_hw_ila [get_hw_ilas -of_objects [get_hw_devices xc7a35t_0] -filter {CELL_NAME=~"u_ila"}]
display_hw_ila_data [upload_hw_ila_data [get_hw_ilas -of_objects [get_hw_devices xc7a35t_0] -filter {CELL_NAME=~"u_ila"}]]
INFO: [Labtools 27-1966] The ILA core 'hw_ila_1' triggered at 2026-May-20 11:38:47
INFO: [Labtools 27-3304] ILA Waveform data saved to file C:/Users/qipif/Desktop/FPGAProject/01_Preference/08_mypll/project/mypll.hw/backup/hw_ila_data_1.ila. Use Tcl command 'read_hw_ila_data' or Vivado File->Import->Import ILA Data menu item to import the previously saved data.
run_hw_ila [get_hw_ilas -of_objects [get_hw_devices xc7a35t_0] -filter {CELL_NAME=~"u_ila"}]
INFO: [Labtools 27-1964] The ILA core 'hw_ila_1' trigger was armed at 2026-May-20 11:38:50
wait_on_hw_ila [get_hw_ilas -of_objects [get_hw_devices xc7a35t_0] -filter {CELL_NAME=~"u_ila"}]
display_hw_ila_data [upload_hw_ila_data [get_hw_ilas -of_objects [get_hw_devices xc7a35t_0] -filter {CELL_NAME=~"u_ila"}]]
INFO: [Labtools 27-1966] The ILA core 'hw_ila_1' triggered at 2026-May-20 11:38:50
INFO: [Labtools 27-3304] ILA Waveform data saved to file C:/Users/qipif/Desktop/FPGAProject/01_Preference/08_mypll/project/mypll.hw/backup/hw_ila_data_1.ila. Use Tcl command 'read_hw_ila_data' or Vivado File->Import->Import ILA Data menu item to import the previously saved data.
run_hw_ila [get_hw_ilas -of_objects [get_hw_devices xc7a35t_0] -filter {CELL_NAME=~"u_ila"}]
INFO: [Labtools 27-1964] The ILA core 'hw_ila_1' trigger was armed at 2026-May-20 11:38:53
wait_on_hw_ila [get_hw_ilas -of_objects [get_hw_devices xc7a35t_0] -filter {CELL_NAME=~"u_ila"}]
display_hw_ila_data [upload_hw_ila_data [get_hw_ilas -of_objects [get_hw_devices xc7a35t_0] -filter {CELL_NAME=~"u_ila"}]]
INFO: [Labtools 27-1966] The ILA core 'hw_ila_1' triggered at 2026-May-20 11:38:53
INFO: [Labtools 27-3304] ILA Waveform data saved to file C:/Users/qipif/Desktop/FPGAProject/01_Preference/08_mypll/project/mypll.hw/backup/hw_ila_data_1.ila. Use Tcl command 'read_hw_ila_data' or Vivado File->Import->Import ILA Data menu item to import the previously saved data.
run_hw_ila [get_hw_ilas -of_objects [get_hw_devices xc7a35t_0] -filter {CELL_NAME=~"u_ila"}]
INFO: [Labtools 27-1964] The ILA core 'hw_ila_1' trigger was armed at 2026-May-20 11:38:57
wait_on_hw_ila [get_hw_ilas -of_objects [get_hw_devices xc7a35t_0] -filter {CELL_NAME=~"u_ila"}]
display_hw_ila_data [upload_hw_ila_data [get_hw_ilas -of_objects [get_hw_devices xc7a35t_0] -filter {CELL_NAME=~"u_ila"}]]
INFO: [Labtools 27-1966] The ILA core 'hw_ila_1' triggered at 2026-May-20 11:38:57
INFO: [Labtools 27-3304] ILA Waveform data saved to file C:/Users/qipif/Desktop/FPGAProject/01_Preference/08_mypll/project/mypll.hw/backup/hw_ila_data_1.ila. Use Tcl command 'read_hw_ila_data' or Vivado File->Import->Import ILA Data menu item to import the previously saved data.
run_hw_ila [get_hw_ilas -of_objects [get_hw_devices xc7a35t_0] -filter {CELL_NAME=~"u_ila"}]
INFO: [Labtools 27-1964] The ILA core 'hw_ila_1' trigger was armed at 2026-May-20 11:39:00
wait_on_hw_ila [get_hw_ilas -of_objects [get_hw_devices xc7a35t_0] -filter {CELL_NAME=~"u_ila"}]
display_hw_ila_data [upload_hw_ila_data [get_hw_ilas -of_objects [get_hw_devices xc7a35t_0] -filter {CELL_NAME=~"u_ila"}]]
INFO: [Labtools 27-1966] The ILA core 'hw_ila_1' triggered at 2026-May-20 11:39:00
INFO: [Labtools 27-3304] ILA Waveform data saved to file C:/Users/qipif/Desktop/FPGAProject/01_Preference/08_mypll/project/mypll.hw/backup/hw_ila_data_1.ila. Use Tcl command 'read_hw_ila_data' or Vivado File->Import->Import ILA Data menu item to import the previously saved data.
run_hw_ila [get_hw_ilas -of_objects [get_hw_devices xc7a35t_0] -filter {CELL_NAME=~"u_ila"}]
INFO: [Labtools 27-1964] The ILA core 'hw_ila_1' trigger was armed at 2026-May-20 11:39:03
wait_on_hw_ila [get_hw_ilas -of_objects [get_hw_devices xc7a35t_0] -filter {CELL_NAME=~"u_ila"}]
display_hw_ila_data [upload_hw_ila_data [get_hw_ilas -of_objects [get_hw_devices xc7a35t_0] -filter {CELL_NAME=~"u_ila"}]]
INFO: [Labtools 27-1966] The ILA core 'hw_ila_1' triggered at 2026-May-20 11:39:03
INFO: [Labtools 27-3304] ILA Waveform data saved to file C:/Users/qipif/Desktop/FPGAProject/01_Preference/08_mypll/project/mypll.hw/backup/hw_ila_data_1.ila. Use Tcl command 'read_hw_ila_data' or Vivado File->Import->Import ILA Data menu item to import the previously saved data.
run_hw_ila [get_hw_ilas -of_objects [get_hw_devices xc7a35t_0] -filter {CELL_NAME=~"u_ila"}]
INFO: [Labtools 27-1964] The ILA core 'hw_ila_1' trigger was armed at 2026-May-20 11:39:07
wait_on_hw_ila [get_hw_ilas -of_objects [get_hw_devices xc7a35t_0] -filter {CELL_NAME=~"u_ila"}]
display_hw_ila_data [upload_hw_ila_data [get_hw_ilas -of_objects [get_hw_devices xc7a35t_0] -filter {CELL_NAME=~"u_ila"}]]
INFO: [Labtools 27-1966] The ILA core 'hw_ila_1' triggered at 2026-May-20 11:39:07
INFO: [Labtools 27-3304] ILA Waveform data saved to file C:/Users/qipif/Desktop/FPGAProject/01_Preference/08_mypll/project/mypll.hw/backup/hw_ila_data_1.ila. Use Tcl command 'read_hw_ila_data' or Vivado File->Import->Import ILA Data menu item to import the previously saved data.
run_hw_ila [get_hw_ilas -of_objects [get_hw_devices xc7a35t_0] -filter {CELL_NAME=~"u_ila"}]
INFO: [Labtools 27-1964] The ILA core 'hw_ila_1' trigger was armed at 2026-May-20 11:39:10
wait_on_hw_ila [get_hw_ilas -of_objects [get_hw_devices xc7a35t_0] -filter {CELL_NAME=~"u_ila"}]
display_hw_ila_data [upload_hw_ila_data [get_hw_ilas -of_objects [get_hw_devices xc7a35t_0] -filter {CELL_NAME=~"u_ila"}]]
INFO: [Labtools 27-1966] The ILA core 'hw_ila_1' triggered at 2026-May-20 11:39:10
INFO: [Labtools 27-3304] ILA Waveform data saved to file C:/Users/qipif/Desktop/FPGAProject/01_Preference/08_mypll/project/mypll.hw/backup/hw_ila_data_1.ila. Use Tcl command 'read_hw_ila_data' or Vivado File->Import->Import ILA Data menu item to import the previously saved data.
run_hw_ila [get_hw_ilas -of_objects [get_hw_devices xc7a35t_0] -filter {CELL_NAME=~"u_ila"}]
INFO: [Labtools 27-1964] The ILA core 'hw_ila_1' trigger was armed at 2026-May-20 11:39:13
wait_on_hw_ila [get_hw_ilas -of_objects [get_hw_devices xc7a35t_0] -filter {CELL_NAME=~"u_ila"}]
display_hw_ila_data [upload_hw_ila_data [get_hw_ilas -of_objects [get_hw_devices xc7a35t_0] -filter {CELL_NAME=~"u_ila"}]]
INFO: [Labtools 27-1966] The ILA core 'hw_ila_1' triggered at 2026-May-20 11:39:13
INFO: [Labtools 27-3304] ILA Waveform data saved to file C:/Users/qipif/Desktop/FPGAProject/01_Preference/08_mypll/project/mypll.hw/backup/hw_ila_data_1.ila. Use Tcl command 'read_hw_ila_data' or Vivado File->Import->Import ILA Data menu item to import the previously saved data.
run_hw_ila [get_hw_ilas -of_objects [get_hw_devices xc7a35t_0] -filter {CELL_NAME=~"u_ila"}]
INFO: [Labtools 27-1964] The ILA core 'hw_ila_1' trigger was armed at 2026-May-20 11:39:16
wait_on_hw_ila [get_hw_ilas -of_objects [get_hw_devices xc7a35t_0] -filter {CELL_NAME=~"u_ila"}]
display_hw_ila_data [upload_hw_ila_data [get_hw_ilas -of_objects [get_hw_devices xc7a35t_0] -filter {CELL_NAME=~"u_ila"}]]
INFO: [Labtools 27-1966] The ILA core 'hw_ila_1' triggered at 2026-May-20 11:39:16
INFO: [Labtools 27-3304] ILA Waveform data saved to file C:/Users/qipif/Desktop/FPGAProject/01_Preference/08_mypll/project/mypll.hw/backup/hw_ila_data_1.ila. Use Tcl command 'read_hw_ila_data' or Vivado File->Import->Import ILA Data menu item to import the previously saved data.
run_hw_ila [get_hw_ilas -of_objects [get_hw_devices xc7a35t_0] -filter {CELL_NAME=~"u_ila"}]
INFO: [Labtools 27-1964] The ILA core 'hw_ila_1' trigger was armed at 2026-May-20 11:39:20
wait_on_hw_ila [get_hw_ilas -of_objects [get_hw_devices xc7a35t_0] -filter {CELL_NAME=~"u_ila"}]
display_hw_ila_data [upload_hw_ila_data [get_hw_ilas -of_objects [get_hw_devices xc7a35t_0] -filter {CELL_NAME=~"u_ila"}]]
INFO: [Labtools 27-1966] The ILA core 'hw_ila_1' triggered at 2026-May-20 11:39:20
INFO: [Labtools 27-3304] ILA Waveform data saved to file C:/Users/qipif/Desktop/FPGAProject/01_Preference/08_mypll/project/mypll.hw/backup/hw_ila_data_1.ila. Use Tcl command 'read_hw_ila_data' or Vivado File->Import->Import ILA Data menu item to import the previously saved data.
run_hw_ila [get_hw_ilas -of_objects [get_hw_devices xc7a35t_0] -filter {CELL_NAME=~"u_ila"}]
INFO: [Labtools 27-1964] The ILA core 'hw_ila_1' trigger was armed at 2026-May-20 11:39:23
wait_on_hw_ila [get_hw_ilas -of_objects [get_hw_devices xc7a35t_0] -filter {CELL_NAME=~"u_ila"}]
display_hw_ila_data [upload_hw_ila_data [get_hw_ilas -of_objects [get_hw_devices xc7a35t_0] -filter {CELL_NAME=~"u_ila"}]]
INFO: [Labtools 27-1966] The ILA core 'hw_ila_1' triggered at 2026-May-20 11:39:23
INFO: [Labtools 27-3304] ILA Waveform data saved to file C:/Users/qipif/Desktop/FPGAProject/01_Preference/08_mypll/project/mypll.hw/backup/hw_ila_data_1.ila. Use Tcl command 'read_hw_ila_data' or Vivado File->Import->Import ILA Data menu item to import the previously saved data.
run_hw_ila [get_hw_ilas -of_objects [get_hw_devices xc7a35t_0] -filter {CELL_NAME=~"u_ila"}]
INFO: [Labtools 27-1964] The ILA core 'hw_ila_1' trigger was armed at 2026-May-20 11:39:27
wait_on_hw_ila [get_hw_ilas -of_objects [get_hw_devices xc7a35t_0] -filter {CELL_NAME=~"u_ila"}]
display_hw_ila_data [upload_hw_ila_data [get_hw_ilas -of_objects [get_hw_devices xc7a35t_0] -filter {CELL_NAME=~"u_ila"}]]
INFO: [Labtools 27-1966] The ILA core 'hw_ila_1' triggered at 2026-May-20 11:39:27
INFO: [Labtools 27-3304] ILA Waveform data saved to file C:/Users/qipif/Desktop/FPGAProject/01_Preference/08_mypll/project/mypll.hw/backup/hw_ila_data_1.ila. Use Tcl command 'read_hw_ila_data' or Vivado File->Import->Import ILA Data menu item to import the previously saved data.
run_hw_ila [get_hw_ilas -of_objects [get_hw_devices xc7a35t_0] -filter {CELL_NAME=~"u_ila"}]
INFO: [Labtools 27-1964] The ILA core 'hw_ila_1' trigger was armed at 2026-May-20 11:39:30
wait_on_hw_ila [get_hw_ilas -of_objects [get_hw_devices xc7a35t_0] -filter {CELL_NAME=~"u_ila"}]
display_hw_ila_data [upload_hw_ila_data [get_hw_ilas -of_objects [get_hw_devices xc7a35t_0] -filter {CELL_NAME=~"u_ila"}]]
INFO: [Labtools 27-1966] The ILA core 'hw_ila_1' triggered at 2026-May-20 11:39:30
INFO: [Labtools 27-3304] ILA Waveform data saved to file C:/Users/qipif/Desktop/FPGAProject/01_Preference/08_mypll/project/mypll.hw/backup/hw_ila_data_1.ila. Use Tcl command 'read_hw_ila_data' or Vivado File->Import->Import ILA Data menu item to import the previously saved data.
run_hw_ila [get_hw_ilas -of_objects [get_hw_devices xc7a35t_0] -filter {CELL_NAME=~"u_ila"}]
INFO: [Labtools 27-1964] The ILA core 'hw_ila_1' trigger was armed at 2026-May-20 11:39:33
wait_on_hw_ila [get_hw_ilas -of_objects [get_hw_devices xc7a35t_0] -filter {CELL_NAME=~"u_ila"}]
display_hw_ila_data [upload_hw_ila_data [get_hw_ilas -of_objects [get_hw_devices xc7a35t_0] -filter {CELL_NAME=~"u_ila"}]]
INFO: [Labtools 27-1966] The ILA core 'hw_ila_1' triggered at 2026-May-20 11:39:33
INFO: [Labtools 27-3304] ILA Waveform data saved to file C:/Users/qipif/Desktop/FPGAProject/01_Preference/08_mypll/project/mypll.hw/backup/hw_ila_data_1.ila. Use Tcl command 'read_hw_ila_data' or Vivado File->Import->Import ILA Data menu item to import the previously saved data.
run_hw_ila [get_hw_ilas -of_objects [get_hw_devices xc7a35t_0] -filter {CELL_NAME=~"u_ila"}]
INFO: [Labtools 27-1964] The ILA core 'hw_ila_1' trigger was armed at 2026-May-20 11:39:36
wait_on_hw_ila [get_hw_ilas -of_objects [get_hw_devices xc7a35t_0] -filter {CELL_NAME=~"u_ila"}]
display_hw_ila_data [upload_hw_ila_data [get_hw_ilas -of_objects [get_hw_devices xc7a35t_0] -filter {CELL_NAME=~"u_ila"}]]
INFO: [Labtools 27-1966] The ILA core 'hw_ila_1' triggered at 2026-May-20 11:39:36
INFO: [Labtools 27-3304] ILA Waveform data saved to file C:/Users/qipif/Desktop/FPGAProject/01_Preference/08_mypll/project/mypll.hw/backup/hw_ila_data_1.ila. Use Tcl command 'read_hw_ila_data' or Vivado File->Import->Import ILA Data menu item to import the previously saved data.
run_hw_ila [get_hw_ilas -of_objects [get_hw_devices xc7a35t_0] -filter {CELL_NAME=~"u_ila"}]
INFO: [Labtools 27-1964] The ILA core 'hw_ila_1' trigger was armed at 2026-May-20 11:39:40
wait_on_hw_ila [get_hw_ilas -of_objects [get_hw_devices xc7a35t_0] -filter {CELL_NAME=~"u_ila"}]
display_hw_ila_data [upload_hw_ila_data [get_hw_ilas -of_objects [get_hw_devices xc7a35t_0] -filter {CELL_NAME=~"u_ila"}]]
INFO: [Labtools 27-1966] The ILA core 'hw_ila_1' triggered at 2026-May-20 11:39:40
INFO: [Labtools 27-3304] ILA Waveform data saved to file C:/Users/qipif/Desktop/FPGAProject/01_Preference/08_mypll/project/mypll.hw/backup/hw_ila_data_1.ila. Use Tcl command 'read_hw_ila_data' or Vivado File->Import->Import ILA Data menu item to import the previously saved data.
run_hw_ila [get_hw_ilas -of_objects [get_hw_devices xc7a35t_0] -filter {CELL_NAME=~"u_ila"}]
INFO: [Labtools 27-1964] The ILA core 'hw_ila_1' trigger was armed at 2026-May-20 11:39:43
wait_on_hw_ila [get_hw_ilas -of_objects [get_hw_devices xc7a35t_0] -filter {CELL_NAME=~"u_ila"}]
display_hw_ila_data [upload_hw_ila_data [get_hw_ilas -of_objects [get_hw_devices xc7a35t_0] -filter {CELL_NAME=~"u_ila"}]]
INFO: [Labtools 27-1966] The ILA core 'hw_ila_1' triggered at 2026-May-20 11:39:43
INFO: [Labtools 27-3304] ILA Waveform data saved to file C:/Users/qipif/Desktop/FPGAProject/01_Preference/08_mypll/project/mypll.hw/backup/hw_ila_data_1.ila. Use Tcl command 'read_hw_ila_data' or Vivado File->Import->Import ILA Data menu item to import the previously saved data.
run_hw_ila [get_hw_ilas -of_objects [get_hw_devices xc7a35t_0] -filter {CELL_NAME=~"u_ila"}]
INFO: [Labtools 27-1964] The ILA core 'hw_ila_1' trigger was armed at 2026-May-20 11:39:46
wait_on_hw_ila [get_hw_ilas -of_objects [get_hw_devices xc7a35t_0] -filter {CELL_NAME=~"u_ila"}]
display_hw_ila_data [upload_hw_ila_data [get_hw_ilas -of_objects [get_hw_devices xc7a35t_0] -filter {CELL_NAME=~"u_ila"}]]
INFO: [Labtools 27-1966] The ILA core 'hw_ila_1' triggered at 2026-May-20 11:39:46
INFO: [Labtools 27-3304] ILA Waveform data saved to file C:/Users/qipif/Desktop/FPGAProject/01_Preference/08_mypll/project/mypll.hw/backup/hw_ila_data_1.ila. Use Tcl command 'read_hw_ila_data' or Vivado File->Import->Import ILA Data menu item to import the previously saved data.
run_hw_ila [get_hw_ilas -of_objects [get_hw_devices xc7a35t_0] -filter {CELL_NAME=~"u_ila"}]
INFO: [Labtools 27-1964] The ILA core 'hw_ila_1' trigger was armed at 2026-May-20 11:39:50
wait_on_hw_ila [get_hw_ilas -of_objects [get_hw_devices xc7a35t_0] -filter {CELL_NAME=~"u_ila"}]
display_hw_ila_data [upload_hw_ila_data [get_hw_ilas -of_objects [get_hw_devices xc7a35t_0] -filter {CELL_NAME=~"u_ila"}]]
INFO: [Labtools 27-1966] The ILA core 'hw_ila_1' triggered at 2026-May-20 11:39:50
INFO: [Labtools 27-3304] ILA Waveform data saved to file C:/Users/qipif/Desktop/FPGAProject/01_Preference/08_mypll/project/mypll.hw/backup/hw_ila_data_1.ila. Use Tcl command 'read_hw_ila_data' or Vivado File->Import->Import ILA Data menu item to import the previously saved data.
run_hw_ila [get_hw_ilas -of_objects [get_hw_devices xc7a35t_0] -filter {CELL_NAME=~"u_ila"}]
INFO: [Labtools 27-1964] The ILA core 'hw_ila_1' trigger was armed at 2026-May-20 11:39:53
wait_on_hw_ila [get_hw_ilas -of_objects [get_hw_devices xc7a35t_0] -filter {CELL_NAME=~"u_ila"}]
display_hw_ila_data [upload_hw_ila_data [get_hw_ilas -of_objects [get_hw_devices xc7a35t_0] -filter {CELL_NAME=~"u_ila"}]]
INFO: [Labtools 27-1966] The ILA core 'hw_ila_1' triggered at 2026-May-20 11:39:53
INFO: [Labtools 27-3304] ILA Waveform data saved to file C:/Users/qipif/Desktop/FPGAProject/01_Preference/08_mypll/project/mypll.hw/backup/hw_ila_data_1.ila. Use Tcl command 'read_hw_ila_data' or Vivado File->Import->Import ILA Data menu item to import the previously saved data.
run_hw_ila [get_hw_ilas -of_objects [get_hw_devices xc7a35t_0] -filter {CELL_NAME=~"u_ila"}]
INFO: [Labtools 27-1964] The ILA core 'hw_ila_1' trigger was armed at 2026-May-20 11:39:56
wait_on_hw_ila [get_hw_ilas -of_objects [get_hw_devices xc7a35t_0] -filter {CELL_NAME=~"u_ila"}]
display_hw_ila_data [upload_hw_ila_data [get_hw_ilas -of_objects [get_hw_devices xc7a35t_0] -filter {CELL_NAME=~"u_ila"}]]
INFO: [Labtools 27-1966] The ILA core 'hw_ila_1' triggered at 2026-May-20 11:39:56
INFO: [Labtools 27-3304] ILA Waveform data saved to file C:/Users/qipif/Desktop/FPGAProject/01_Preference/08_mypll/project/mypll.hw/backup/hw_ila_data_1.ila. Use Tcl command 'read_hw_ila_data' or Vivado File->Import->Import ILA Data menu item to import the previously saved data.
run_hw_ila [get_hw_ilas -of_objects [get_hw_devices xc7a35t_0] -filter {CELL_NAME=~"u_ila"}]
INFO: [Labtools 27-1964] The ILA core 'hw_ila_1' trigger was armed at 2026-May-20 11:40:00
wait_on_hw_ila [get_hw_ilas -of_objects [get_hw_devices xc7a35t_0] -filter {CELL_NAME=~"u_ila"}]
display_hw_ila_data [upload_hw_ila_data [get_hw_ilas -of_objects [get_hw_devices xc7a35t_0] -filter {CELL_NAME=~"u_ila"}]]
INFO: [Labtools 27-1966] The ILA core 'hw_ila_1' triggered at 2026-May-20 11:40:00
INFO: [Labtools 27-3304] ILA Waveform data saved to file C:/Users/qipif/Desktop/FPGAProject/01_Preference/08_mypll/project/mypll.hw/backup/hw_ila_data_1.ila. Use Tcl command 'read_hw_ila_data' or Vivado File->Import->Import ILA Data menu item to import the previously saved data.
run_hw_ila [get_hw_ilas -of_objects [get_hw_devices xc7a35t_0] -filter {CELL_NAME=~"u_ila"}]
INFO: [Labtools 27-1964] The ILA core 'hw_ila_1' trigger was armed at 2026-May-20 11:40:03
wait_on_hw_ila [get_hw_ilas -of_objects [get_hw_devices xc7a35t_0] -filter {CELL_NAME=~"u_ila"}]
display_hw_ila_data [upload_hw_ila_data [get_hw_ilas -of_objects [get_hw_devices xc7a35t_0] -filter {CELL_NAME=~"u_ila"}]]
INFO: [Labtools 27-1966] The ILA core 'hw_ila_1' triggered at 2026-May-20 11:40:03
INFO: [Labtools 27-3304] ILA Waveform data saved to file C:/Users/qipif/Desktop/FPGAProject/01_Preference/08_mypll/project/mypll.hw/backup/hw_ila_data_1.ila. Use Tcl command 'read_hw_ila_data' or Vivado File->Import->Import ILA Data menu item to import the previously saved data.
run_hw_ila [get_hw_ilas -of_objects [get_hw_devices xc7a35t_0] -filter {CELL_NAME=~"u_ila"}]
INFO: [Labtools 27-1964] The ILA core 'hw_ila_1' trigger was armed at 2026-May-20 11:40:06
wait_on_hw_ila [get_hw_ilas -of_objects [get_hw_devices xc7a35t_0] -filter {CELL_NAME=~"u_ila"}]
display_hw_ila_data [upload_hw_ila_data [get_hw_ilas -of_objects [get_hw_devices xc7a35t_0] -filter {CELL_NAME=~"u_ila"}]]
INFO: [Labtools 27-1966] The ILA core 'hw_ila_1' triggered at 2026-May-20 11:40:06
INFO: [Labtools 27-3304] ILA Waveform data saved to file C:/Users/qipif/Desktop/FPGAProject/01_Preference/08_mypll/project/mypll.hw/backup/hw_ila_data_1.ila. Use Tcl command 'read_hw_ila_data' or Vivado File->Import->Import ILA Data menu item to import the previously saved data.
run_hw_ila [get_hw_ilas -of_objects [get_hw_devices xc7a35t_0] -filter {CELL_NAME=~"u_ila"}]
INFO: [Labtools 27-1964] The ILA core 'hw_ila_1' trigger was armed at 2026-May-20 11:40:09
wait_on_hw_ila [get_hw_ilas -of_objects [get_hw_devices xc7a35t_0] -filter {CELL_NAME=~"u_ila"}]
display_hw_ila_data [upload_hw_ila_data [get_hw_ilas -of_objects [get_hw_devices xc7a35t_0] -filter {CELL_NAME=~"u_ila"}]]
INFO: [Labtools 27-1966] The ILA core 'hw_ila_1' triggered at 2026-May-20 11:40:09
INFO: [Labtools 27-3304] ILA Waveform data saved to file C:/Users/qipif/Desktop/FPGAProject/01_Preference/08_mypll/project/mypll.hw/backup/hw_ila_data_1.ila. Use Tcl command 'read_hw_ila_data' or Vivado File->Import->Import ILA Data menu item to import the previously saved data.
run_hw_ila [get_hw_ilas -of_objects [get_hw_devices xc7a35t_0] -filter {CELL_NAME=~"u_ila"}]
INFO: [Labtools 27-1964] The ILA core 'hw_ila_1' trigger was armed at 2026-May-20 11:40:13
wait_on_hw_ila [get_hw_ilas -of_objects [get_hw_devices xc7a35t_0] -filter {CELL_NAME=~"u_ila"}]
display_hw_ila_data [upload_hw_ila_data [get_hw_ilas -of_objects [get_hw_devices xc7a35t_0] -filter {CELL_NAME=~"u_ila"}]]
INFO: [Labtools 27-1966] The ILA core 'hw_ila_1' triggered at 2026-May-20 11:40:13
INFO: [Labtools 27-3304] ILA Waveform data saved to file C:/Users/qipif/Desktop/FPGAProject/01_Preference/08_mypll/project/mypll.hw/backup/hw_ila_data_1.ila. Use Tcl command 'read_hw_ila_data' or Vivado File->Import->Import ILA Data menu item to import the previously saved data.
run_hw_ila [get_hw_ilas -of_objects [get_hw_devices xc7a35t_0] -filter {CELL_NAME=~"u_ila"}]
INFO: [Labtools 27-1964] The ILA core 'hw_ila_1' trigger was armed at 2026-May-20 11:40:16
wait_on_hw_ila [get_hw_ilas -of_objects [get_hw_devices xc7a35t_0] -filter {CELL_NAME=~"u_ila"}]
display_hw_ila_data [upload_hw_ila_data [get_hw_ilas -of_objects [get_hw_devices xc7a35t_0] -filter {CELL_NAME=~"u_ila"}]]
INFO: [Labtools 27-1966] The ILA core 'hw_ila_1' triggered at 2026-May-20 11:40:16
INFO: [Labtools 27-3304] ILA Waveform data saved to file C:/Users/qipif/Desktop/FPGAProject/01_Preference/08_mypll/project/mypll.hw/backup/hw_ila_data_1.ila. Use Tcl command 'read_hw_ila_data' or Vivado File->Import->Import ILA Data menu item to import the previously saved data.
run_hw_ila [get_hw_ilas -of_objects [get_hw_devices xc7a35t_0] -filter {CELL_NAME=~"u_ila"}]
INFO: [Labtools 27-1964] The ILA core 'hw_ila_1' trigger was armed at 2026-May-20 11:40:19
wait_on_hw_ila [get_hw_ilas -of_objects [get_hw_devices xc7a35t_0] -filter {CELL_NAME=~"u_ila"}]
display_hw_ila_data [upload_hw_ila_data [get_hw_ilas -of_objects [get_hw_devices xc7a35t_0] -filter {CELL_NAME=~"u_ila"}]]
INFO: [Labtools 27-1966] The ILA core 'hw_ila_1' triggered at 2026-May-20 11:40:19
INFO: [Labtools 27-3304] ILA Waveform data saved to file C:/Users/qipif/Desktop/FPGAProject/01_Preference/08_mypll/project/mypll.hw/backup/hw_ila_data_1.ila. Use Tcl command 'read_hw_ila_data' or Vivado File->Import->Import ILA Data menu item to import the previously saved data.
run_hw_ila [get_hw_ilas -of_objects [get_hw_devices xc7a35t_0] -filter {CELL_NAME=~"u_ila"}]
INFO: [Labtools 27-1964] The ILA core 'hw_ila_1' trigger was armed at 2026-May-20 11:40:23
wait_on_hw_ila [get_hw_ilas -of_objects [get_hw_devices xc7a35t_0] -filter {CELL_NAME=~"u_ila"}]
display_hw_ila_data [upload_hw_ila_data [get_hw_ilas -of_objects [get_hw_devices xc7a35t_0] -filter {CELL_NAME=~"u_ila"}]]
INFO: [Labtools 27-1966] The ILA core 'hw_ila_1' triggered at 2026-May-20 11:40:23
INFO: [Labtools 27-3304] ILA Waveform data saved to file C:/Users/qipif/Desktop/FPGAProject/01_Preference/08_mypll/project/mypll.hw/backup/hw_ila_data_1.ila. Use Tcl command 'read_hw_ila_data' or Vivado File->Import->Import ILA Data menu item to import the previously saved data.
run_hw_ila [get_hw_ilas -of_objects [get_hw_devices xc7a35t_0] -filter {CELL_NAME=~"u_ila"}]
INFO: [Labtools 27-1964] The ILA core 'hw_ila_1' trigger was armed at 2026-May-20 11:40:26
wait_on_hw_ila [get_hw_ilas -of_objects [get_hw_devices xc7a35t_0] -filter {CELL_NAME=~"u_ila"}]
display_hw_ila_data [upload_hw_ila_data [get_hw_ilas -of_objects [get_hw_devices xc7a35t_0] -filter {CELL_NAME=~"u_ila"}]]
INFO: [Labtools 27-1966] The ILA core 'hw_ila_1' triggered at 2026-May-20 11:40:26
INFO: [Labtools 27-3304] ILA Waveform data saved to file C:/Users/qipif/Desktop/FPGAProject/01_Preference/08_mypll/project/mypll.hw/backup/hw_ila_data_1.ila. Use Tcl command 'read_hw_ila_data' or Vivado File->Import->Import ILA Data menu item to import the previously saved data.
run_hw_ila [get_hw_ilas -of_objects [get_hw_devices xc7a35t_0] -filter {CELL_NAME=~"u_ila"}]
INFO: [Labtools 27-1964] The ILA core 'hw_ila_1' trigger was armed at 2026-May-20 11:40:29
wait_on_hw_ila [get_hw_ilas -of_objects [get_hw_devices xc7a35t_0] -filter {CELL_NAME=~"u_ila"}]
display_hw_ila_data [upload_hw_ila_data [get_hw_ilas -of_objects [get_hw_devices xc7a35t_0] -filter {CELL_NAME=~"u_ila"}]]
INFO: [Labtools 27-1966] The ILA core 'hw_ila_1' triggered at 2026-May-20 11:40:29
INFO: [Labtools 27-3304] ILA Waveform data saved to file C:/Users/qipif/Desktop/FPGAProject/01_Preference/08_mypll/project/mypll.hw/backup/hw_ila_data_1.ila. Use Tcl command 'read_hw_ila_data' or Vivado File->Import->Import ILA Data menu item to import the previously saved data.
run_hw_ila [get_hw_ilas -of_objects [get_hw_devices xc7a35t_0] -filter {CELL_NAME=~"u_ila"}]
INFO: [Labtools 27-1964] The ILA core 'hw_ila_1' trigger was armed at 2026-May-20 11:40:32
wait_on_hw_ila [get_hw_ilas -of_objects [get_hw_devices xc7a35t_0] -filter {CELL_NAME=~"u_ila"}]
display_hw_ila_data [upload_hw_ila_data [get_hw_ilas -of_objects [get_hw_devices xc7a35t_0] -filter {CELL_NAME=~"u_ila"}]]
INFO: [Labtools 27-1966] The ILA core 'hw_ila_1' triggered at 2026-May-20 11:40:33
INFO: [Labtools 27-3304] ILA Waveform data saved to file C:/Users/qipif/Desktop/FPGAProject/01_Preference/08_mypll/project/mypll.hw/backup/hw_ila_data_1.ila. Use Tcl command 'read_hw_ila_data' or Vivado File->Import->Import ILA Data menu item to import the previously saved data.
run_hw_ila [get_hw_ilas -of_objects [get_hw_devices xc7a35t_0] -filter {CELL_NAME=~"u_ila"}]
INFO: [Labtools 27-1964] The ILA core 'hw_ila_1' trigger was armed at 2026-May-20 11:40:36
wait_on_hw_ila [get_hw_ilas -of_objects [get_hw_devices xc7a35t_0] -filter {CELL_NAME=~"u_ila"}]
display_hw_ila_data [upload_hw_ila_data [get_hw_ilas -of_objects [get_hw_devices xc7a35t_0] -filter {CELL_NAME=~"u_ila"}]]
INFO: [Labtools 27-1966] The ILA core 'hw_ila_1' triggered at 2026-May-20 11:40:36
INFO: [Labtools 27-3304] ILA Waveform data saved to file C:/Users/qipif/Desktop/FPGAProject/01_Preference/08_mypll/project/mypll.hw/backup/hw_ila_data_1.ila. Use Tcl command 'read_hw_ila_data' or Vivado File->Import->Import ILA Data menu item to import the previously saved data.
run_hw_ila [get_hw_ilas -of_objects [get_hw_devices xc7a35t_0] -filter {CELL_NAME=~"u_ila"}]
INFO: [Labtools 27-1964] The ILA core 'hw_ila_1' trigger was armed at 2026-May-20 11:40:39
wait_on_hw_ila [get_hw_ilas -of_objects [get_hw_devices xc7a35t_0] -filter {CELL_NAME=~"u_ila"}]
display_hw_ila_data [upload_hw_ila_data [get_hw_ilas -of_objects [get_hw_devices xc7a35t_0] -filter {CELL_NAME=~"u_ila"}]]
INFO: [Labtools 27-1966] The ILA core 'hw_ila_1' triggered at 2026-May-20 11:40:39
INFO: [Labtools 27-3304] ILA Waveform data saved to file C:/Users/qipif/Desktop/FPGAProject/01_Preference/08_mypll/project/mypll.hw/backup/hw_ila_data_1.ila. Use Tcl command 'read_hw_ila_data' or Vivado File->Import->Import ILA Data menu item to import the previously saved data.
run_hw_ila [get_hw_ilas -of_objects [get_hw_devices xc7a35t_0] -filter {CELL_NAME=~"u_ila"}]
INFO: [Labtools 27-1964] The ILA core 'hw_ila_1' trigger was armed at 2026-May-20 11:40:42
wait_on_hw_ila [get_hw_ilas -of_objects [get_hw_devices xc7a35t_0] -filter {CELL_NAME=~"u_ila"}]
display_hw_ila_data [upload_hw_ila_data [get_hw_ilas -of_objects [get_hw_devices xc7a35t_0] -filter {CELL_NAME=~"u_ila"}]]
INFO: [Labtools 27-1966] The ILA core 'hw_ila_1' triggered at 2026-May-20 11:40:42
INFO: [Labtools 27-3304] ILA Waveform data saved to file C:/Users/qipif/Desktop/FPGAProject/01_Preference/08_mypll/project/mypll.hw/backup/hw_ila_data_1.ila. Use Tcl command 'read_hw_ila_data' or Vivado File->Import->Import ILA Data menu item to import the previously saved data.
run_hw_ila [get_hw_ilas -of_objects [get_hw_devices xc7a35t_0] -filter {CELL_NAME=~"u_ila"}]
INFO: [Labtools 27-1964] The ILA core 'hw_ila_1' trigger was armed at 2026-May-20 11:40:46
wait_on_hw_ila [get_hw_ilas -of_objects [get_hw_devices xc7a35t_0] -filter {CELL_NAME=~"u_ila"}]
display_hw_ila_data [upload_hw_ila_data [get_hw_ilas -of_objects [get_hw_devices xc7a35t_0] -filter {CELL_NAME=~"u_ila"}]]
INFO: [Labtools 27-1966] The ILA core 'hw_ila_1' triggered at 2026-May-20 11:40:46
INFO: [Labtools 27-3304] ILA Waveform data saved to file C:/Users/qipif/Desktop/FPGAProject/01_Preference/08_mypll/project/mypll.hw/backup/hw_ila_data_1.ila. Use Tcl command 'read_hw_ila_data' or Vivado File->Import->Import ILA Data menu item to import the previously saved data.
run_hw_ila [get_hw_ilas -of_objects [get_hw_devices xc7a35t_0] -filter {CELL_NAME=~"u_ila"}]
INFO: [Labtools 27-1964] The ILA core 'hw_ila_1' trigger was armed at 2026-May-20 11:40:49
wait_on_hw_ila [get_hw_ilas -of_objects [get_hw_devices xc7a35t_0] -filter {CELL_NAME=~"u_ila"}]
display_hw_ila_data [upload_hw_ila_data [get_hw_ilas -of_objects [get_hw_devices xc7a35t_0] -filter {CELL_NAME=~"u_ila"}]]
INFO: [Labtools 27-1966] The ILA core 'hw_ila_1' triggered at 2026-May-20 11:40:49
INFO: [Labtools 27-3304] ILA Waveform data saved to file C:/Users/qipif/Desktop/FPGAProject/01_Preference/08_mypll/project/mypll.hw/backup/hw_ila_data_1.ila. Use Tcl command 'read_hw_ila_data' or Vivado File->Import->Import ILA Data menu item to import the previously saved data.
run_hw_ila [get_hw_ilas -of_objects [get_hw_devices xc7a35t_0] -filter {CELL_NAME=~"u_ila"}]
INFO: [Labtools 27-1964] The ILA core 'hw_ila_1' trigger was armed at 2026-May-20 11:40:52
wait_on_hw_ila [get_hw_ilas -of_objects [get_hw_devices xc7a35t_0] -filter {CELL_NAME=~"u_ila"}]
display_hw_ila_data [upload_hw_ila_data [get_hw_ilas -of_objects [get_hw_devices xc7a35t_0] -filter {CELL_NAME=~"u_ila"}]]
INFO: [Labtools 27-1966] The ILA core 'hw_ila_1' triggered at 2026-May-20 11:40:52
INFO: [Labtools 27-3304] ILA Waveform data saved to file C:/Users/qipif/Desktop/FPGAProject/01_Preference/08_mypll/project/mypll.hw/backup/hw_ila_data_1.ila. Use Tcl command 'read_hw_ila_data' or Vivado File->Import->Import ILA Data menu item to import the previously saved data.
run_hw_ila [get_hw_ilas -of_objects [get_hw_devices xc7a35t_0] -filter {CELL_NAME=~"u_ila"}]
INFO: [Labtools 27-1964] The ILA core 'hw_ila_1' trigger was armed at 2026-May-20 11:40:56
wait_on_hw_ila [get_hw_ilas -of_objects [get_hw_devices xc7a35t_0] -filter {CELL_NAME=~"u_ila"}]
display_hw_ila_data [upload_hw_ila_data [get_hw_ilas -of_objects [get_hw_devices xc7a35t_0] -filter {CELL_NAME=~"u_ila"}]]
INFO: [Labtools 27-1966] The ILA core 'hw_ila_1' triggered at 2026-May-20 11:40:56
INFO: [Labtools 27-3304] ILA Waveform data saved to file C:/Users/qipif/Desktop/FPGAProject/01_Preference/08_mypll/project/mypll.hw/backup/hw_ila_data_1.ila. Use Tcl command 'read_hw_ila_data' or Vivado File->Import->Import ILA Data menu item to import the previously saved data.
run_hw_ila [get_hw_ilas -of_objects [get_hw_devices xc7a35t_0] -filter {CELL_NAME=~"u_ila"}]
INFO: [Labtools 27-1964] The ILA core 'hw_ila_1' trigger was armed at 2026-May-20 11:40:59
wait_on_hw_ila [get_hw_ilas -of_objects [get_hw_devices xc7a35t_0] -filter {CELL_NAME=~"u_ila"}]
display_hw_ila_data [upload_hw_ila_data [get_hw_ilas -of_objects [get_hw_devices xc7a35t_0] -filter {CELL_NAME=~"u_ila"}]]
INFO: [Labtools 27-1966] The ILA core 'hw_ila_1' triggered at 2026-May-20 11:40:59
INFO: [Labtools 27-3304] ILA Waveform data saved to file C:/Users/qipif/Desktop/FPGAProject/01_Preference/08_mypll/project/mypll.hw/backup/hw_ila_data_1.ila. Use Tcl command 'read_hw_ila_data' or Vivado File->Import->Import ILA Data menu item to import the previously saved data.
run_hw_ila [get_hw_ilas -of_objects [get_hw_devices xc7a35t_0] -filter {CELL_NAME=~"u_ila"}]
INFO: [Labtools 27-1964] The ILA core 'hw_ila_1' trigger was armed at 2026-May-20 11:41:02
wait_on_hw_ila [get_hw_ilas -of_objects [get_hw_devices xc7a35t_0] -filter {CELL_NAME=~"u_ila"}]
display_hw_ila_data [upload_hw_ila_data [get_hw_ilas -of_objects [get_hw_devices xc7a35t_0] -filter {CELL_NAME=~"u_ila"}]]
INFO: [Labtools 27-1966] The ILA core 'hw_ila_1' triggered at 2026-May-20 11:41:02
INFO: [Labtools 27-3304] ILA Waveform data saved to file C:/Users/qipif/Desktop/FPGAProject/01_Preference/08_mypll/project/mypll.hw/backup/hw_ila_data_1.ila. Use Tcl command 'read_hw_ila_data' or Vivado File->Import->Import ILA Data menu item to import the previously saved data.
run_hw_ila [get_hw_ilas -of_objects [get_hw_devices xc7a35t_0] -filter {CELL_NAME=~"u_ila"}]
INFO: [Labtools 27-1964] The ILA core 'hw_ila_1' trigger was armed at 2026-May-20 11:41:05
wait_on_hw_ila [get_hw_ilas -of_objects [get_hw_devices xc7a35t_0] -filter {CELL_NAME=~"u_ila"}]
display_hw_ila_data [upload_hw_ila_data [get_hw_ilas -of_objects [get_hw_devices xc7a35t_0] -filter {CELL_NAME=~"u_ila"}]]
INFO: [Labtools 27-1966] The ILA core 'hw_ila_1' triggered at 2026-May-20 11:41:05
INFO: [Labtools 27-3304] ILA Waveform data saved to file C:/Users/qipif/Desktop/FPGAProject/01_Preference/08_mypll/project/mypll.hw/backup/hw_ila_data_1.ila. Use Tcl command 'read_hw_ila_data' or Vivado File->Import->Import ILA Data menu item to import the previously saved data.
run_hw_ila [get_hw_ilas -of_objects [get_hw_devices xc7a35t_0] -filter {CELL_NAME=~"u_ila"}]
INFO: [Labtools 27-1964] The ILA core 'hw_ila_1' trigger was armed at 2026-May-20 11:41:09
wait_on_hw_ila [get_hw_ilas -of_objects [get_hw_devices xc7a35t_0] -filter {CELL_NAME=~"u_ila"}]
display_hw_ila_data [upload_hw_ila_data [get_hw_ilas -of_objects [get_hw_devices xc7a35t_0] -filter {CELL_NAME=~"u_ila"}]]
INFO: [Labtools 27-1966] The ILA core 'hw_ila_1' triggered at 2026-May-20 11:41:09
INFO: [Labtools 27-3304] ILA Waveform data saved to file C:/Users/qipif/Desktop/FPGAProject/01_Preference/08_mypll/project/mypll.hw/backup/hw_ila_data_1.ila. Use Tcl command 'read_hw_ila_data' or Vivado File->Import->Import ILA Data menu item to import the previously saved data.
run_hw_ila [get_hw_ilas -of_objects [get_hw_devices xc7a35t_0] -filter {CELL_NAME=~"u_ila"}]
INFO: [Labtools 27-1964] The ILA core 'hw_ila_1' trigger was armed at 2026-May-20 11:41:12
wait_on_hw_ila [get_hw_ilas -of_objects [get_hw_devices xc7a35t_0] -filter {CELL_NAME=~"u_ila"}]
display_hw_ila_data [upload_hw_ila_data [get_hw_ilas -of_objects [get_hw_devices xc7a35t_0] -filter {CELL_NAME=~"u_ila"}]]
INFO: [Labtools 27-1966] The ILA core 'hw_ila_1' triggered at 2026-May-20 11:41:12
INFO: [Labtools 27-3304] ILA Waveform data saved to file C:/Users/qipif/Desktop/FPGAProject/01_Preference/08_mypll/project/mypll.hw/backup/hw_ila_data_1.ila. Use Tcl command 'read_hw_ila_data' or Vivado File->Import->Import ILA Data menu item to import the previously saved data.
run_hw_ila [get_hw_ilas -of_objects [get_hw_devices xc7a35t_0] -filter {CELL_NAME=~"u_ila"}]
INFO: [Labtools 27-1964] The ILA core 'hw_ila_1' trigger was armed at 2026-May-20 11:41:15
wait_on_hw_ila [get_hw_ilas -of_objects [get_hw_devices xc7a35t_0] -filter {CELL_NAME=~"u_ila"}]
display_hw_ila_data [upload_hw_ila_data [get_hw_ilas -of_objects [get_hw_devices xc7a35t_0] -filter {CELL_NAME=~"u_ila"}]]
INFO: [Labtools 27-1966] The ILA core 'hw_ila_1' triggered at 2026-May-20 11:41:15
INFO: [Labtools 27-3304] ILA Waveform data saved to file C:/Users/qipif/Desktop/FPGAProject/01_Preference/08_mypll/project/mypll.hw/backup/hw_ila_data_1.ila. Use Tcl command 'read_hw_ila_data' or Vivado File->Import->Import ILA Data menu item to import the previously saved data.
run_hw_ila [get_hw_ilas -of_objects [get_hw_devices xc7a35t_0] -filter {CELL_NAME=~"u_ila"}]
INFO: [Labtools 27-1964] The ILA core 'hw_ila_1' trigger was armed at 2026-May-20 11:41:18
wait_on_hw_ila [get_hw_ilas -of_objects [get_hw_devices xc7a35t_0] -filter {CELL_NAME=~"u_ila"}]
display_hw_ila_data [upload_hw_ila_data [get_hw_ilas -of_objects [get_hw_devices xc7a35t_0] -filter {CELL_NAME=~"u_ila"}]]
INFO: [Labtools 27-1966] The ILA core 'hw_ila_1' triggered at 2026-May-20 11:41:19
INFO: [Labtools 27-3304] ILA Waveform data saved to file C:/Users/qipif/Desktop/FPGAProject/01_Preference/08_mypll/project/mypll.hw/backup/hw_ila_data_1.ila. Use Tcl command 'read_hw_ila_data' or Vivado File->Import->Import ILA Data menu item to import the previously saved data.
run_hw_ila [get_hw_ilas -of_objects [get_hw_devices xc7a35t_0] -filter {CELL_NAME=~"u_ila"}]
INFO: [Labtools 27-1964] The ILA core 'hw_ila_1' trigger was armed at 2026-May-20 11:41:22
wait_on_hw_ila [get_hw_ilas -of_objects [get_hw_devices xc7a35t_0] -filter {CELL_NAME=~"u_ila"}]
display_hw_ila_data [upload_hw_ila_data [get_hw_ilas -of_objects [get_hw_devices xc7a35t_0] -filter {CELL_NAME=~"u_ila"}]]
INFO: [Labtools 27-1966] The ILA core 'hw_ila_1' triggered at 2026-May-20 11:41:22
INFO: [Labtools 27-3304] ILA Waveform data saved to file C:/Users/qipif/Desktop/FPGAProject/01_Preference/08_mypll/project/mypll.hw/backup/hw_ila_data_1.ila. Use Tcl command 'read_hw_ila_data' or Vivado File->Import->Import ILA Data menu item to import the previously saved data.
run_hw_ila [get_hw_ilas -of_objects [get_hw_devices xc7a35t_0] -filter {CELL_NAME=~"u_ila"}]
INFO: [Labtools 27-1964] The ILA core 'hw_ila_1' trigger was armed at 2026-May-20 11:41:25
wait_on_hw_ila [get_hw_ilas -of_objects [get_hw_devices xc7a35t_0] -filter {CELL_NAME=~"u_ila"}]
display_hw_ila_data [upload_hw_ila_data [get_hw_ilas -of_objects [get_hw_devices xc7a35t_0] -filter {CELL_NAME=~"u_ila"}]]
INFO: [Labtools 27-1966] The ILA core 'hw_ila_1' triggered at 2026-May-20 11:41:25
INFO: [Labtools 27-3304] ILA Waveform data saved to file C:/Users/qipif/Desktop/FPGAProject/01_Preference/08_mypll/project/mypll.hw/backup/hw_ila_data_1.ila. Use Tcl command 'read_hw_ila_data' or Vivado File->Import->Import ILA Data menu item to import the previously saved data.
run_hw_ila [get_hw_ilas -of_objects [get_hw_devices xc7a35t_0] -filter {CELL_NAME=~"u_ila"}]
INFO: [Labtools 27-1964] The ILA core 'hw_ila_1' trigger was armed at 2026-May-20 11:41:29
wait_on_hw_ila [get_hw_ilas -of_objects [get_hw_devices xc7a35t_0] -filter {CELL_NAME=~"u_ila"}]
display_hw_ila_data [upload_hw_ila_data [get_hw_ilas -of_objects [get_hw_devices xc7a35t_0] -filter {CELL_NAME=~"u_ila"}]]
INFO: [Labtools 27-1966] The ILA core 'hw_ila_1' triggered at 2026-May-20 11:41:29
INFO: [Labtools 27-3304] ILA Waveform data saved to file C:/Users/qipif/Desktop/FPGAProject/01_Preference/08_mypll/project/mypll.hw/backup/hw_ila_data_1.ila. Use Tcl command 'read_hw_ila_data' or Vivado File->Import->Import ILA Data menu item to import the previously saved data.
run_hw_ila [get_hw_ilas -of_objects [get_hw_devices xc7a35t_0] -filter {CELL_NAME=~"u_ila"}]
INFO: [Labtools 27-1964] The ILA core 'hw_ila_1' trigger was armed at 2026-May-20 11:41:32
wait_on_hw_ila [get_hw_ilas -of_objects [get_hw_devices xc7a35t_0] -filter {CELL_NAME=~"u_ila"}]
display_hw_ila_data [upload_hw_ila_data [get_hw_ilas -of_objects [get_hw_devices xc7a35t_0] -filter {CELL_NAME=~"u_ila"}]]
INFO: [Labtools 27-1966] The ILA core 'hw_ila_1' triggered at 2026-May-20 11:41:32
INFO: [Labtools 27-3304] ILA Waveform data saved to file C:/Users/qipif/Desktop/FPGAProject/01_Preference/08_mypll/project/mypll.hw/backup/hw_ila_data_1.ila. Use Tcl command 'read_hw_ila_data' or Vivado File->Import->Import ILA Data menu item to import the previously saved data.
run_hw_ila [get_hw_ilas -of_objects [get_hw_devices xc7a35t_0] -filter {CELL_NAME=~"u_ila"}]
INFO: [Labtools 27-1964] The ILA core 'hw_ila_1' trigger was armed at 2026-May-20 11:41:35
wait_on_hw_ila [get_hw_ilas -of_objects [get_hw_devices xc7a35t_0] -filter {CELL_NAME=~"u_ila"}]
display_hw_ila_data [upload_hw_ila_data [get_hw_ilas -of_objects [get_hw_devices xc7a35t_0] -filter {CELL_NAME=~"u_ila"}]]
INFO: [Labtools 27-1966] The ILA core 'hw_ila_1' triggered at 2026-May-20 11:41:35
INFO: [Labtools 27-3304] ILA Waveform data saved to file C:/Users/qipif/Desktop/FPGAProject/01_Preference/08_mypll/project/mypll.hw/backup/hw_ila_data_1.ila. Use Tcl command 'read_hw_ila_data' or Vivado File->Import->Import ILA Data menu item to import the previously saved data.
run_hw_ila [get_hw_ilas -of_objects [get_hw_devices xc7a35t_0] -filter {CELL_NAME=~"u_ila"}]
INFO: [Labtools 27-1964] The ILA core 'hw_ila_1' trigger was armed at 2026-May-20 11:41:38
wait_on_hw_ila [get_hw_ilas -of_objects [get_hw_devices xc7a35t_0] -filter {CELL_NAME=~"u_ila"}]
display_hw_ila_data [upload_hw_ila_data [get_hw_ilas -of_objects [get_hw_devices xc7a35t_0] -filter {CELL_NAME=~"u_ila"}]]
INFO: [Labtools 27-1966] The ILA core 'hw_ila_1' triggered at 2026-May-20 11:41:38
INFO: [Labtools 27-3304] ILA Waveform data saved to file C:/Users/qipif/Desktop/FPGAProject/01_Preference/08_mypll/project/mypll.hw/backup/hw_ila_data_1.ila. Use Tcl command 'read_hw_ila_data' or Vivado File->Import->Import ILA Data menu item to import the previously saved data.
run_hw_ila [get_hw_ilas -of_objects [get_hw_devices xc7a35t_0] -filter {CELL_NAME=~"u_ila"}]
INFO: [Labtools 27-1964] The ILA core 'hw_ila_1' trigger was armed at 2026-May-20 11:41:42
wait_on_hw_ila [get_hw_ilas -of_objects [get_hw_devices xc7a35t_0] -filter {CELL_NAME=~"u_ila"}]
display_hw_ila_data [upload_hw_ila_data [get_hw_ilas -of_objects [get_hw_devices xc7a35t_0] -filter {CELL_NAME=~"u_ila"}]]
INFO: [Labtools 27-1966] The ILA core 'hw_ila_1' triggered at 2026-May-20 11:41:42
INFO: [Labtools 27-3304] ILA Waveform data saved to file C:/Users/qipif/Desktop/FPGAProject/01_Preference/08_mypll/project/mypll.hw/backup/hw_ila_data_1.ila. Use Tcl command 'read_hw_ila_data' or Vivado File->Import->Import ILA Data menu item to import the previously saved data.
run_hw_ila [get_hw_ilas -of_objects [get_hw_devices xc7a35t_0] -filter {CELL_NAME=~"u_ila"}]
INFO: [Labtools 27-1964] The ILA core 'hw_ila_1' trigger was armed at 2026-May-20 11:41:45
wait_on_hw_ila [get_hw_ilas -of_objects [get_hw_devices xc7a35t_0] -filter {CELL_NAME=~"u_ila"}]
display_hw_ila_data [upload_hw_ila_data [get_hw_ilas -of_objects [get_hw_devices xc7a35t_0] -filter {CELL_NAME=~"u_ila"}]]
INFO: [Labtools 27-1966] The ILA core 'hw_ila_1' triggered at 2026-May-20 11:41:45
INFO: [Labtools 27-3304] ILA Waveform data saved to file C:/Users/qipif/Desktop/FPGAProject/01_Preference/08_mypll/project/mypll.hw/backup/hw_ila_data_1.ila. Use Tcl command 'read_hw_ila_data' or Vivado File->Import->Import ILA Data menu item to import the previously saved data.
run_hw_ila [get_hw_ilas -of_objects [get_hw_devices xc7a35t_0] -filter {CELL_NAME=~"u_ila"}]
INFO: [Labtools 27-1964] The ILA core 'hw_ila_1' trigger was armed at 2026-May-20 11:41:48
wait_on_hw_ila [get_hw_ilas -of_objects [get_hw_devices xc7a35t_0] -filter {CELL_NAME=~"u_ila"}]
display_hw_ila_data [upload_hw_ila_data [get_hw_ilas -of_objects [get_hw_devices xc7a35t_0] -filter {CELL_NAME=~"u_ila"}]]
INFO: [Labtools 27-1966] The ILA core 'hw_ila_1' triggered at 2026-May-20 11:41:48
INFO: [Labtools 27-3304] ILA Waveform data saved to file C:/Users/qipif/Desktop/FPGAProject/01_Preference/08_mypll/project/mypll.hw/backup/hw_ila_data_1.ila. Use Tcl command 'read_hw_ila_data' or Vivado File->Import->Import ILA Data menu item to import the previously saved data.
run_hw_ila [get_hw_ilas -of_objects [get_hw_devices xc7a35t_0] -filter {CELL_NAME=~"u_ila"}]
INFO: [Labtools 27-1964] The ILA core 'hw_ila_1' trigger was armed at 2026-May-20 11:41:52
wait_on_hw_ila [get_hw_ilas -of_objects [get_hw_devices xc7a35t_0] -filter {CELL_NAME=~"u_ila"}]
display_hw_ila_data [upload_hw_ila_data [get_hw_ilas -of_objects [get_hw_devices xc7a35t_0] -filter {CELL_NAME=~"u_ila"}]]
INFO: [Labtools 27-1966] The ILA core 'hw_ila_1' triggered at 2026-May-20 11:41:52
INFO: [Labtools 27-3304] ILA Waveform data saved to file C:/Users/qipif/Desktop/FPGAProject/01_Preference/08_mypll/project/mypll.hw/backup/hw_ila_data_1.ila. Use Tcl command 'read_hw_ila_data' or Vivado File->Import->Import ILA Data menu item to import the previously saved data.
run_hw_ila [get_hw_ilas -of_objects [get_hw_devices xc7a35t_0] -filter {CELL_NAME=~"u_ila"}]
INFO: [Labtools 27-1964] The ILA core 'hw_ila_1' trigger was armed at 2026-May-20 11:41:55
wait_on_hw_ila [get_hw_ilas -of_objects [get_hw_devices xc7a35t_0] -filter {CELL_NAME=~"u_ila"}]
display_hw_ila_data [upload_hw_ila_data [get_hw_ilas -of_objects [get_hw_devices xc7a35t_0] -filter {CELL_NAME=~"u_ila"}]]
INFO: [Labtools 27-1966] The ILA core 'hw_ila_1' triggered at 2026-May-20 11:41:55
INFO: [Labtools 27-3304] ILA Waveform data saved to file C:/Users/qipif/Desktop/FPGAProject/01_Preference/08_mypll/project/mypll.hw/backup/hw_ila_data_1.ila. Use Tcl command 'read_hw_ila_data' or Vivado File->Import->Import ILA Data menu item to import the previously saved data.
run_hw_ila [get_hw_ilas -of_objects [get_hw_devices xc7a35t_0] -filter {CELL_NAME=~"u_ila"}]
INFO: [Labtools 27-1964] The ILA core 'hw_ila_1' trigger was armed at 2026-May-20 11:41:58
wait_on_hw_ila [get_hw_ilas -of_objects [get_hw_devices xc7a35t_0] -filter {CELL_NAME=~"u_ila"}]
display_hw_ila_data [upload_hw_ila_data [get_hw_ilas -of_objects [get_hw_devices xc7a35t_0] -filter {CELL_NAME=~"u_ila"}]]
INFO: [Labtools 27-1966] The ILA core 'hw_ila_1' triggered at 2026-May-20 11:41:58
INFO: [Labtools 27-3304] ILA Waveform data saved to file C:/Users/qipif/Desktop/FPGAProject/01_Preference/08_mypll/project/mypll.hw/backup/hw_ila_data_1.ila. Use Tcl command 'read_hw_ila_data' or Vivado File->Import->Import ILA Data menu item to import the previously saved data.
run_hw_ila [get_hw_ilas -of_objects [get_hw_devices xc7a35t_0] -filter {CELL_NAME=~"u_ila"}]
INFO: [Labtools 27-1964] The ILA core 'hw_ila_1' trigger was armed at 2026-May-20 11:42:01
wait_on_hw_ila [get_hw_ilas -of_objects [get_hw_devices xc7a35t_0] -filter {CELL_NAME=~"u_ila"}]
display_hw_ila_data [upload_hw_ila_data [get_hw_ilas -of_objects [get_hw_devices xc7a35t_0] -filter {CELL_NAME=~"u_ila"}]]
INFO: [Labtools 27-1966] The ILA core 'hw_ila_1' triggered at 2026-May-20 11:42:01
INFO: [Labtools 27-3304] ILA Waveform data saved to file C:/Users/qipif/Desktop/FPGAProject/01_Preference/08_mypll/project/mypll.hw/backup/hw_ila_data_1.ila. Use Tcl command 'read_hw_ila_data' or Vivado File->Import->Import ILA Data menu item to import the previously saved data.
run_hw_ila [get_hw_ilas -of_objects [get_hw_devices xc7a35t_0] -filter {CELL_NAME=~"u_ila"}]
INFO: [Labtools 27-1964] The ILA core 'hw_ila_1' trigger was armed at 2026-May-20 11:42:05
wait_on_hw_ila [get_hw_ilas -of_objects [get_hw_devices xc7a35t_0] -filter {CELL_NAME=~"u_ila"}]
display_hw_ila_data [upload_hw_ila_data [get_hw_ilas -of_objects [get_hw_devices xc7a35t_0] -filter {CELL_NAME=~"u_ila"}]]
INFO: [Labtools 27-1966] The ILA core 'hw_ila_1' triggered at 2026-May-20 11:42:05
INFO: [Labtools 27-3304] ILA Waveform data saved to file C:/Users/qipif/Desktop/FPGAProject/01_Preference/08_mypll/project/mypll.hw/backup/hw_ila_data_1.ila. Use Tcl command 'read_hw_ila_data' or Vivado File->Import->Import ILA Data menu item to import the previously saved data.
run_hw_ila [get_hw_ilas -of_objects [get_hw_devices xc7a35t_0] -filter {CELL_NAME=~"u_ila"}]
INFO: [Labtools 27-1964] The ILA core 'hw_ila_1' trigger was armed at 2026-May-20 11:42:08
wait_on_hw_ila [get_hw_ilas -of_objects [get_hw_devices xc7a35t_0] -filter {CELL_NAME=~"u_ila"}]
display_hw_ila_data [upload_hw_ila_data [get_hw_ilas -of_objects [get_hw_devices xc7a35t_0] -filter {CELL_NAME=~"u_ila"}]]
INFO: [Labtools 27-1966] The ILA core 'hw_ila_1' triggered at 2026-May-20 11:42:08
INFO: [Labtools 27-3304] ILA Waveform data saved to file C:/Users/qipif/Desktop/FPGAProject/01_Preference/08_mypll/project/mypll.hw/backup/hw_ila_data_1.ila. Use Tcl command 'read_hw_ila_data' or Vivado File->Import->Import ILA Data menu item to import the previously saved data.
run_hw_ila [get_hw_ilas -of_objects [get_hw_devices xc7a35t_0] -filter {CELL_NAME=~"u_ila"}]
INFO: [Labtools 27-1964] The ILA core 'hw_ila_1' trigger was armed at 2026-May-20 11:42:11
wait_on_hw_ila [get_hw_ilas -of_objects [get_hw_devices xc7a35t_0] -filter {CELL_NAME=~"u_ila"}]
display_hw_ila_data [upload_hw_ila_data [get_hw_ilas -of_objects [get_hw_devices xc7a35t_0] -filter {CELL_NAME=~"u_ila"}]]
INFO: [Labtools 27-1966] The ILA core 'hw_ila_1' triggered at 2026-May-20 11:42:11
INFO: [Labtools 27-3304] ILA Waveform data saved to file C:/Users/qipif/Desktop/FPGAProject/01_Preference/08_mypll/project/mypll.hw/backup/hw_ila_data_1.ila. Use Tcl command 'read_hw_ila_data' or Vivado File->Import->Import ILA Data menu item to import the previously saved data.
run_hw_ila [get_hw_ilas -of_objects [get_hw_devices xc7a35t_0] -filter {CELL_NAME=~"u_ila"}]
INFO: [Labtools 27-1964] The ILA core 'hw_ila_1' trigger was armed at 2026-May-20 11:42:15
wait_on_hw_ila [get_hw_ilas -of_objects [get_hw_devices xc7a35t_0] -filter {CELL_NAME=~"u_ila"}]
display_hw_ila_data [upload_hw_ila_data [get_hw_ilas -of_objects [get_hw_devices xc7a35t_0] -filter {CELL_NAME=~"u_ila"}]]
INFO: [Labtools 27-1966] The ILA core 'hw_ila_1' triggered at 2026-May-20 11:42:15
INFO: [Labtools 27-3304] ILA Waveform data saved to file C:/Users/qipif/Desktop/FPGAProject/01_Preference/08_mypll/project/mypll.hw/backup/hw_ila_data_1.ila. Use Tcl command 'read_hw_ila_data' or Vivado File->Import->Import ILA Data menu item to import the previously saved data.
run_hw_ila [get_hw_ilas -of_objects [get_hw_devices xc7a35t_0] -filter {CELL_NAME=~"u_ila"}]
INFO: [Labtools 27-1964] The ILA core 'hw_ila_1' trigger was armed at 2026-May-20 11:42:18
wait_on_hw_ila [get_hw_ilas -of_objects [get_hw_devices xc7a35t_0] -filter {CELL_NAME=~"u_ila"}]
display_hw_ila_data [upload_hw_ila_data [get_hw_ilas -of_objects [get_hw_devices xc7a35t_0] -filter {CELL_NAME=~"u_ila"}]]
INFO: [Labtools 27-1966] The ILA core 'hw_ila_1' triggered at 2026-May-20 11:42:18
INFO: [Labtools 27-3304] ILA Waveform data saved to file C:/Users/qipif/Desktop/FPGAProject/01_Preference/08_mypll/project/mypll.hw/backup/hw_ila_data_1.ila. Use Tcl command 'read_hw_ila_data' or Vivado File->Import->Import ILA Data menu item to import the previously saved data.
run_hw_ila [get_hw_ilas -of_objects [get_hw_devices xc7a35t_0] -filter {CELL_NAME=~"u_ila"}]
INFO: [Labtools 27-1964] The ILA core 'hw_ila_1' trigger was armed at 2026-May-20 11:42:21
wait_on_hw_ila [get_hw_ilas -of_objects [get_hw_devices xc7a35t_0] -filter {CELL_NAME=~"u_ila"}]
display_hw_ila_data [upload_hw_ila_data [get_hw_ilas -of_objects [get_hw_devices xc7a35t_0] -filter {CELL_NAME=~"u_ila"}]]
INFO: [Labtools 27-1966] The ILA core 'hw_ila_1' triggered at 2026-May-20 11:42:21
INFO: [Labtools 27-3304] ILA Waveform data saved to file C:/Users/qipif/Desktop/FPGAProject/01_Preference/08_mypll/project/mypll.hw/backup/hw_ila_data_1.ila. Use Tcl command 'read_hw_ila_data' or Vivado File->Import->Import ILA Data menu item to import the previously saved data.
run_hw_ila [get_hw_ilas -of_objects [get_hw_devices xc7a35t_0] -filter {CELL_NAME=~"u_ila"}]
INFO: [Labtools 27-1964] The ILA core 'hw_ila_1' trigger was armed at 2026-May-20 11:42:24
wait_on_hw_ila [get_hw_ilas -of_objects [get_hw_devices xc7a35t_0] -filter {CELL_NAME=~"u_ila"}]
display_hw_ila_data [upload_hw_ila_data [get_hw_ilas -of_objects [get_hw_devices xc7a35t_0] -filter {CELL_NAME=~"u_ila"}]]
INFO: [Labtools 27-1966] The ILA core 'hw_ila_1' triggered at 2026-May-20 11:42:24
INFO: [Labtools 27-3304] ILA Waveform data saved to file C:/Users/qipif/Desktop/FPGAProject/01_Preference/08_mypll/project/mypll.hw/backup/hw_ila_data_1.ila. Use Tcl command 'read_hw_ila_data' or Vivado File->Import->Import ILA Data menu item to import the previously saved data.
run_hw_ila [get_hw_ilas -of_objects [get_hw_devices xc7a35t_0] -filter {CELL_NAME=~"u_ila"}]
INFO: [Labtools 27-1964] The ILA core 'hw_ila_1' trigger was armed at 2026-May-20 11:42:28
wait_on_hw_ila [get_hw_ilas -of_objects [get_hw_devices xc7a35t_0] -filter {CELL_NAME=~"u_ila"}]
display_hw_ila_data [upload_hw_ila_data [get_hw_ilas -of_objects [get_hw_devices xc7a35t_0] -filter {CELL_NAME=~"u_ila"}]]
INFO: [Labtools 27-1966] The ILA core 'hw_ila_1' triggered at 2026-May-20 11:42:28
INFO: [Labtools 27-3304] ILA Waveform data saved to file C:/Users/qipif/Desktop/FPGAProject/01_Preference/08_mypll/project/mypll.hw/backup/hw_ila_data_1.ila. Use Tcl command 'read_hw_ila_data' or Vivado File->Import->Import ILA Data menu item to import the previously saved data.
run_hw_ila [get_hw_ilas -of_objects [get_hw_devices xc7a35t_0] -filter {CELL_NAME=~"u_ila"}]
INFO: [Labtools 27-1964] The ILA core 'hw_ila_1' trigger was armed at 2026-May-20 11:42:31
wait_on_hw_ila [get_hw_ilas -of_objects [get_hw_devices xc7a35t_0] -filter {CELL_NAME=~"u_ila"}]
display_hw_ila_data [upload_hw_ila_data [get_hw_ilas -of_objects [get_hw_devices xc7a35t_0] -filter {CELL_NAME=~"u_ila"}]]
INFO: [Labtools 27-1966] The ILA core 'hw_ila_1' triggered at 2026-May-20 11:42:31
INFO: [Labtools 27-3304] ILA Waveform data saved to file C:/Users/qipif/Desktop/FPGAProject/01_Preference/08_mypll/project/mypll.hw/backup/hw_ila_data_1.ila. Use Tcl command 'read_hw_ila_data' or Vivado File->Import->Import ILA Data menu item to import the previously saved data.
run_hw_ila [get_hw_ilas -of_objects [get_hw_devices xc7a35t_0] -filter {CELL_NAME=~"u_ila"}]
INFO: [Labtools 27-1964] The ILA core 'hw_ila_1' trigger was armed at 2026-May-20 11:42:34
wait_on_hw_ila [get_hw_ilas -of_objects [get_hw_devices xc7a35t_0] -filter {CELL_NAME=~"u_ila"}]
display_hw_ila_data [upload_hw_ila_data [get_hw_ilas -of_objects [get_hw_devices xc7a35t_0] -filter {CELL_NAME=~"u_ila"}]]
INFO: [Labtools 27-1966] The ILA core 'hw_ila_1' triggered at 2026-May-20 11:42:34
INFO: [Labtools 27-3304] ILA Waveform data saved to file C:/Users/qipif/Desktop/FPGAProject/01_Preference/08_mypll/project/mypll.hw/backup/hw_ila_data_1.ila. Use Tcl command 'read_hw_ila_data' or Vivado File->Import->Import ILA Data menu item to import the previously saved data.
run_hw_ila [get_hw_ilas -of_objects [get_hw_devices xc7a35t_0] -filter {CELL_NAME=~"u_ila"}]
INFO: [Labtools 27-1964] The ILA core 'hw_ila_1' trigger was armed at 2026-May-20 11:42:38
wait_on_hw_ila [get_hw_ilas -of_objects [get_hw_devices xc7a35t_0] -filter {CELL_NAME=~"u_ila"}]
display_hw_ila_data [upload_hw_ila_data [get_hw_ilas -of_objects [get_hw_devices xc7a35t_0] -filter {CELL_NAME=~"u_ila"}]]
INFO: [Labtools 27-1966] The ILA core 'hw_ila_1' triggered at 2026-May-20 11:42:38
INFO: [Labtools 27-3304] ILA Waveform data saved to file C:/Users/qipif/Desktop/FPGAProject/01_Preference/08_mypll/project/mypll.hw/backup/hw_ila_data_1.ila. Use Tcl command 'read_hw_ila_data' or Vivado File->Import->Import ILA Data menu item to import the previously saved data.
run_hw_ila [get_hw_ilas -of_objects [get_hw_devices xc7a35t_0] -filter {CELL_NAME=~"u_ila"}]
INFO: [Labtools 27-1964] The ILA core 'hw_ila_1' trigger was armed at 2026-May-20 11:42:41
wait_on_hw_ila [get_hw_ilas -of_objects [get_hw_devices xc7a35t_0] -filter {CELL_NAME=~"u_ila"}]
display_hw_ila_data [upload_hw_ila_data [get_hw_ilas -of_objects [get_hw_devices xc7a35t_0] -filter {CELL_NAME=~"u_ila"}]]
INFO: [Labtools 27-1966] The ILA core 'hw_ila_1' triggered at 2026-May-20 11:42:41
INFO: [Labtools 27-3304] ILA Waveform data saved to file C:/Users/qipif/Desktop/FPGAProject/01_Preference/08_mypll/project/mypll.hw/backup/hw_ila_data_1.ila. Use Tcl command 'read_hw_ila_data' or Vivado File->Import->Import ILA Data menu item to import the previously saved data.
run_hw_ila [get_hw_ilas -of_objects [get_hw_devices xc7a35t_0] -filter {CELL_NAME=~"u_ila"}]
INFO: [Labtools 27-1964] The ILA core 'hw_ila_1' trigger was armed at 2026-May-20 11:42:44
wait_on_hw_ila [get_hw_ilas -of_objects [get_hw_devices xc7a35t_0] -filter {CELL_NAME=~"u_ila"}]
display_hw_ila_data [upload_hw_ila_data [get_hw_ilas -of_objects [get_hw_devices xc7a35t_0] -filter {CELL_NAME=~"u_ila"}]]
INFO: [Labtools 27-1966] The ILA core 'hw_ila_1' triggered at 2026-May-20 11:42:44
INFO: [Labtools 27-3304] ILA Waveform data saved to file C:/Users/qipif/Desktop/FPGAProject/01_Preference/08_mypll/project/mypll.hw/backup/hw_ila_data_1.ila. Use Tcl command 'read_hw_ila_data' or Vivado File->Import->Import ILA Data menu item to import the previously saved data.
run_hw_ila [get_hw_ilas -of_objects [get_hw_devices xc7a35t_0] -filter {CELL_NAME=~"u_ila"}]
INFO: [Labtools 27-1964] The ILA core 'hw_ila_1' trigger was armed at 2026-May-20 11:42:47
wait_on_hw_ila [get_hw_ilas -of_objects [get_hw_devices xc7a35t_0] -filter {CELL_NAME=~"u_ila"}]
display_hw_ila_data [upload_hw_ila_data [get_hw_ilas -of_objects [get_hw_devices xc7a35t_0] -filter {CELL_NAME=~"u_ila"}]]
INFO: [Labtools 27-1966] The ILA core 'hw_ila_1' triggered at 2026-May-20 11:42:47
INFO: [Labtools 27-3304] ILA Waveform data saved to file C:/Users/qipif/Desktop/FPGAProject/01_Preference/08_mypll/project/mypll.hw/backup/hw_ila_data_1.ila. Use Tcl command 'read_hw_ila_data' or Vivado File->Import->Import ILA Data menu item to import the previously saved data.
run_hw_ila [get_hw_ilas -of_objects [get_hw_devices xc7a35t_0] -filter {CELL_NAME=~"u_ila"}]
INFO: [Labtools 27-1964] The ILA core 'hw_ila_1' trigger was armed at 2026-May-20 11:42:51
wait_on_hw_ila [get_hw_ilas -of_objects [get_hw_devices xc7a35t_0] -filter {CELL_NAME=~"u_ila"}]
display_hw_ila_data [upload_hw_ila_data [get_hw_ilas -of_objects [get_hw_devices xc7a35t_0] -filter {CELL_NAME=~"u_ila"}]]
INFO: [Labtools 27-1966] The ILA core 'hw_ila_1' triggered at 2026-May-20 11:42:51
INFO: [Labtools 27-3304] ILA Waveform data saved to file C:/Users/qipif/Desktop/FPGAProject/01_Preference/08_mypll/project/mypll.hw/backup/hw_ila_data_1.ila. Use Tcl command 'read_hw_ila_data' or Vivado File->Import->Import ILA Data menu item to import the previously saved data.
run_hw_ila [get_hw_ilas -of_objects [get_hw_devices xc7a35t_0] -filter {CELL_NAME=~"u_ila"}]
INFO: [Labtools 27-1964] The ILA core 'hw_ila_1' trigger was armed at 2026-May-20 11:42:54
wait_on_hw_ila [get_hw_ilas -of_objects [get_hw_devices xc7a35t_0] -filter {CELL_NAME=~"u_ila"}]
display_hw_ila_data [upload_hw_ila_data [get_hw_ilas -of_objects [get_hw_devices xc7a35t_0] -filter {CELL_NAME=~"u_ila"}]]
INFO: [Labtools 27-1966] The ILA core 'hw_ila_1' triggered at 2026-May-20 11:42:54
INFO: [Labtools 27-3304] ILA Waveform data saved to file C:/Users/qipif/Desktop/FPGAProject/01_Preference/08_mypll/project/mypll.hw/backup/hw_ila_data_1.ila. Use Tcl command 'read_hw_ila_data' or Vivado File->Import->Import ILA Data menu item to import the previously saved data.
run_hw_ila [get_hw_ilas -of_objects [get_hw_devices xc7a35t_0] -filter {CELL_NAME=~"u_ila"}]
INFO: [Labtools 27-1964] The ILA core 'hw_ila_1' trigger was armed at 2026-May-20 11:42:57
wait_on_hw_ila [get_hw_ilas -of_objects [get_hw_devices xc7a35t_0] -filter {CELL_NAME=~"u_ila"}]
display_hw_ila_data [upload_hw_ila_data [get_hw_ilas -of_objects [get_hw_devices xc7a35t_0] -filter {CELL_NAME=~"u_ila"}]]
INFO: [Labtools 27-1966] The ILA core 'hw_ila_1' triggered at 2026-May-20 11:42:57
INFO: [Labtools 27-3304] ILA Waveform data saved to file C:/Users/qipif/Desktop/FPGAProject/01_Preference/08_mypll/project/mypll.hw/backup/hw_ila_data_1.ila. Use Tcl command 'read_hw_ila_data' or Vivado File->Import->Import ILA Data menu item to import the previously saved data.
run_hw_ila [get_hw_ilas -of_objects [get_hw_devices xc7a35t_0] -filter {CELL_NAME=~"u_ila"}]
INFO: [Labtools 27-1964] The ILA core 'hw_ila_1' trigger was armed at 2026-May-20 11:43:01
wait_on_hw_ila [get_hw_ilas -of_objects [get_hw_devices xc7a35t_0] -filter {CELL_NAME=~"u_ila"}]
display_hw_ila_data [upload_hw_ila_data [get_hw_ilas -of_objects [get_hw_devices xc7a35t_0] -filter {CELL_NAME=~"u_ila"}]]
INFO: [Labtools 27-1966] The ILA core 'hw_ila_1' triggered at 2026-May-20 11:43:01
INFO: [Labtools 27-3304] ILA Waveform data saved to file C:/Users/qipif/Desktop/FPGAProject/01_Preference/08_mypll/project/mypll.hw/backup/hw_ila_data_1.ila. Use Tcl command 'read_hw_ila_data' or Vivado File->Import->Import ILA Data menu item to import the previously saved data.
run_hw_ila [get_hw_ilas -of_objects [get_hw_devices xc7a35t_0] -filter {CELL_NAME=~"u_ila"}]
INFO: [Labtools 27-1964] The ILA core 'hw_ila_1' trigger was armed at 2026-May-20 11:43:04
wait_on_hw_ila [get_hw_ilas -of_objects [get_hw_devices xc7a35t_0] -filter {CELL_NAME=~"u_ila"}]
display_hw_ila_data [upload_hw_ila_data [get_hw_ilas -of_objects [get_hw_devices xc7a35t_0] -filter {CELL_NAME=~"u_ila"}]]
INFO: [Labtools 27-1966] The ILA core 'hw_ila_1' triggered at 2026-May-20 11:43:04
INFO: [Labtools 27-3304] ILA Waveform data saved to file C:/Users/qipif/Desktop/FPGAProject/01_Preference/08_mypll/project/mypll.hw/backup/hw_ila_data_1.ila. Use Tcl command 'read_hw_ila_data' or Vivado File->Import->Import ILA Data menu item to import the previously saved data.
run_hw_ila [get_hw_ilas -of_objects [get_hw_devices xc7a35t_0] -filter {CELL_NAME=~"u_ila"}]
INFO: [Labtools 27-1964] The ILA core 'hw_ila_1' trigger was armed at 2026-May-20 11:43:07
wait_on_hw_ila [get_hw_ilas -of_objects [get_hw_devices xc7a35t_0] -filter {CELL_NAME=~"u_ila"}]
display_hw_ila_data [upload_hw_ila_data [get_hw_ilas -of_objects [get_hw_devices xc7a35t_0] -filter {CELL_NAME=~"u_ila"}]]
INFO: [Labtools 27-1966] The ILA core 'hw_ila_1' triggered at 2026-May-20 11:43:07
INFO: [Labtools 27-3304] ILA Waveform data saved to file C:/Users/qipif/Desktop/FPGAProject/01_Preference/08_mypll/project/mypll.hw/backup/hw_ila_data_1.ila. Use Tcl command 'read_hw_ila_data' or Vivado File->Import->Import ILA Data menu item to import the previously saved data.
run_hw_ila [get_hw_ilas -of_objects [get_hw_devices xc7a35t_0] -filter {CELL_NAME=~"u_ila"}]
INFO: [Labtools 27-1964] The ILA core 'hw_ila_1' trigger was armed at 2026-May-20 11:43:10
wait_on_hw_ila [get_hw_ilas -of_objects [get_hw_devices xc7a35t_0] -filter {CELL_NAME=~"u_ila"}]
display_hw_ila_data [upload_hw_ila_data [get_hw_ilas -of_objects [get_hw_devices xc7a35t_0] -filter {CELL_NAME=~"u_ila"}]]
INFO: [Labtools 27-1966] The ILA core 'hw_ila_1' triggered at 2026-May-20 11:43:11
INFO: [Labtools 27-3304] ILA Waveform data saved to file C:/Users/qipif/Desktop/FPGAProject/01_Preference/08_mypll/project/mypll.hw/backup/hw_ila_data_1.ila. Use Tcl command 'read_hw_ila_data' or Vivado File->Import->Import ILA Data menu item to import the previously saved data.
run_hw_ila [get_hw_ilas -of_objects [get_hw_devices xc7a35t_0] -filter {CELL_NAME=~"u_ila"}]
INFO: [Labtools 27-1964] The ILA core 'hw_ila_1' trigger was armed at 2026-May-20 11:43:14
wait_on_hw_ila [get_hw_ilas -of_objects [get_hw_devices xc7a35t_0] -filter {CELL_NAME=~"u_ila"}]
display_hw_ila_data [upload_hw_ila_data [get_hw_ilas -of_objects [get_hw_devices xc7a35t_0] -filter {CELL_NAME=~"u_ila"}]]
INFO: [Labtools 27-1966] The ILA core 'hw_ila_1' triggered at 2026-May-20 11:43:14
INFO: [Labtools 27-3304] ILA Waveform data saved to file C:/Users/qipif/Desktop/FPGAProject/01_Preference/08_mypll/project/mypll.hw/backup/hw_ila_data_1.ila. Use Tcl command 'read_hw_ila_data' or Vivado File->Import->Import ILA Data menu item to import the previously saved data.
run_hw_ila [get_hw_ilas -of_objects [get_hw_devices xc7a35t_0] -filter {CELL_NAME=~"u_ila"}]
INFO: [Labtools 27-1964] The ILA core 'hw_ila_1' trigger was armed at 2026-May-20 11:43:17
wait_on_hw_ila [get_hw_ilas -of_objects [get_hw_devices xc7a35t_0] -filter {CELL_NAME=~"u_ila"}]
display_hw_ila_data [upload_hw_ila_data [get_hw_ilas -of_objects [get_hw_devices xc7a35t_0] -filter {CELL_NAME=~"u_ila"}]]
INFO: [Labtools 27-1966] The ILA core 'hw_ila_1' triggered at 2026-May-20 11:43:17
INFO: [Labtools 27-3304] ILA Waveform data saved to file C:/Users/qipif/Desktop/FPGAProject/01_Preference/08_mypll/project/mypll.hw/backup/hw_ila_data_1.ila. Use Tcl command 'read_hw_ila_data' or Vivado File->Import->Import ILA Data menu item to import the previously saved data.
run_hw_ila [get_hw_ilas -of_objects [get_hw_devices xc7a35t_0] -filter {CELL_NAME=~"u_ila"}]
INFO: [Labtools 27-1964] The ILA core 'hw_ila_1' trigger was armed at 2026-May-20 11:43:20
wait_on_hw_ila [get_hw_ilas -of_objects [get_hw_devices xc7a35t_0] -filter {CELL_NAME=~"u_ila"}]
display_hw_ila_data [upload_hw_ila_data [get_hw_ilas -of_objects [get_hw_devices xc7a35t_0] -filter {CELL_NAME=~"u_ila"}]]
INFO: [Labtools 27-1966] The ILA core 'hw_ila_1' triggered at 2026-May-20 11:43:20
INFO: [Labtools 27-3304] ILA Waveform data saved to file C:/Users/qipif/Desktop/FPGAProject/01_Preference/08_mypll/project/mypll.hw/backup/hw_ila_data_1.ila. Use Tcl command 'read_hw_ila_data' or Vivado File->Import->Import ILA Data menu item to import the previously saved data.
run_hw_ila [get_hw_ilas -of_objects [get_hw_devices xc7a35t_0] -filter {CELL_NAME=~"u_ila"}]
INFO: [Labtools 27-1964] The ILA core 'hw_ila_1' trigger was armed at 2026-May-20 11:43:24
wait_on_hw_ila [get_hw_ilas -of_objects [get_hw_devices xc7a35t_0] -filter {CELL_NAME=~"u_ila"}]
display_hw_ila_data [upload_hw_ila_data [get_hw_ilas -of_objects [get_hw_devices xc7a35t_0] -filter {CELL_NAME=~"u_ila"}]]
INFO: [Labtools 27-1966] The ILA core 'hw_ila_1' triggered at 2026-May-20 11:43:24
INFO: [Labtools 27-3304] ILA Waveform data saved to file C:/Users/qipif/Desktop/FPGAProject/01_Preference/08_mypll/project/mypll.hw/backup/hw_ila_data_1.ila. Use Tcl command 'read_hw_ila_data' or Vivado File->Import->Import ILA Data menu item to import the previously saved data.
run_hw_ila [get_hw_ilas -of_objects [get_hw_devices xc7a35t_0] -filter {CELL_NAME=~"u_ila"}]
INFO: [Labtools 27-1964] The ILA core 'hw_ila_1' trigger was armed at 2026-May-20 11:43:27
wait_on_hw_ila [get_hw_ilas -of_objects [get_hw_devices xc7a35t_0] -filter {CELL_NAME=~"u_ila"}]
display_hw_ila_data [upload_hw_ila_data [get_hw_ilas -of_objects [get_hw_devices xc7a35t_0] -filter {CELL_NAME=~"u_ila"}]]
INFO: [Labtools 27-1966] The ILA core 'hw_ila_1' triggered at 2026-May-20 11:43:27
INFO: [Labtools 27-3304] ILA Waveform data saved to file C:/Users/qipif/Desktop/FPGAProject/01_Preference/08_mypll/project/mypll.hw/backup/hw_ila_data_1.ila. Use Tcl command 'read_hw_ila_data' or Vivado File->Import->Import ILA Data menu item to import the previously saved data.
run_hw_ila [get_hw_ilas -of_objects [get_hw_devices xc7a35t_0] -filter {CELL_NAME=~"u_ila"}]
INFO: [Labtools 27-1964] The ILA core 'hw_ila_1' trigger was armed at 2026-May-20 11:43:30
wait_on_hw_ila [get_hw_ilas -of_objects [get_hw_devices xc7a35t_0] -filter {CELL_NAME=~"u_ila"}]
display_hw_ila_data [upload_hw_ila_data [get_hw_ilas -of_objects [get_hw_devices xc7a35t_0] -filter {CELL_NAME=~"u_ila"}]]
INFO: [Labtools 27-1966] The ILA core 'hw_ila_1' triggered at 2026-May-20 11:43:30
INFO: [Labtools 27-3304] ILA Waveform data saved to file C:/Users/qipif/Desktop/FPGAProject/01_Preference/08_mypll/project/mypll.hw/backup/hw_ila_data_1.ila. Use Tcl command 'read_hw_ila_data' or Vivado File->Import->Import ILA Data menu item to import the previously saved data.
run_hw_ila [get_hw_ilas -of_objects [get_hw_devices xc7a35t_0] -filter {CELL_NAME=~"u_ila"}]
INFO: [Labtools 27-1964] The ILA core 'hw_ila_1' trigger was armed at 2026-May-20 11:43:33
wait_on_hw_ila [get_hw_ilas -of_objects [get_hw_devices xc7a35t_0] -filter {CELL_NAME=~"u_ila"}]
display_hw_ila_data [upload_hw_ila_data [get_hw_ilas -of_objects [get_hw_devices xc7a35t_0] -filter {CELL_NAME=~"u_ila"}]]
INFO: [Labtools 27-1966] The ILA core 'hw_ila_1' triggered at 2026-May-20 11:43:33
INFO: [Labtools 27-3304] ILA Waveform data saved to file C:/Users/qipif/Desktop/FPGAProject/01_Preference/08_mypll/project/mypll.hw/backup/hw_ila_data_1.ila. Use Tcl command 'read_hw_ila_data' or Vivado File->Import->Import ILA Data menu item to import the previously saved data.
run_hw_ila [get_hw_ilas -of_objects [get_hw_devices xc7a35t_0] -filter {CELL_NAME=~"u_ila"}]
INFO: [Labtools 27-1964] The ILA core 'hw_ila_1' trigger was armed at 2026-May-20 11:43:37
wait_on_hw_ila [get_hw_ilas -of_objects [get_hw_devices xc7a35t_0] -filter {CELL_NAME=~"u_ila"}]
display_hw_ila_data [upload_hw_ila_data [get_hw_ilas -of_objects [get_hw_devices xc7a35t_0] -filter {CELL_NAME=~"u_ila"}]]
INFO: [Labtools 27-1966] The ILA core 'hw_ila_1' triggered at 2026-May-20 11:43:37
INFO: [Labtools 27-3304] ILA Waveform data saved to file C:/Users/qipif/Desktop/FPGAProject/01_Preference/08_mypll/project/mypll.hw/backup/hw_ila_data_1.ila. Use Tcl command 'read_hw_ila_data' or Vivado File->Import->Import ILA Data menu item to import the previously saved data.
run_hw_ila [get_hw_ilas -of_objects [get_hw_devices xc7a35t_0] -filter {CELL_NAME=~"u_ila"}]
INFO: [Labtools 27-1964] The ILA core 'hw_ila_1' trigger was armed at 2026-May-20 11:43:40
wait_on_hw_ila [get_hw_ilas -of_objects [get_hw_devices xc7a35t_0] -filter {CELL_NAME=~"u_ila"}]
display_hw_ila_data [upload_hw_ila_data [get_hw_ilas -of_objects [get_hw_devices xc7a35t_0] -filter {CELL_NAME=~"u_ila"}]]
INFO: [Labtools 27-1966] The ILA core 'hw_ila_1' triggered at 2026-May-20 11:43:40
INFO: [Labtools 27-3304] ILA Waveform data saved to file C:/Users/qipif/Desktop/FPGAProject/01_Preference/08_mypll/project/mypll.hw/backup/hw_ila_data_1.ila. Use Tcl command 'read_hw_ila_data' or Vivado File->Import->Import ILA Data menu item to import the previously saved data.
run_hw_ila [get_hw_ilas -of_objects [get_hw_devices xc7a35t_0] -filter {CELL_NAME=~"u_ila"}]
INFO: [Labtools 27-1964] The ILA core 'hw_ila_1' trigger was armed at 2026-May-20 11:43:43
wait_on_hw_ila [get_hw_ilas -of_objects [get_hw_devices xc7a35t_0] -filter {CELL_NAME=~"u_ila"}]
display_hw_ila_data [upload_hw_ila_data [get_hw_ilas -of_objects [get_hw_devices xc7a35t_0] -filter {CELL_NAME=~"u_ila"}]]
INFO: [Labtools 27-1966] The ILA core 'hw_ila_1' triggered at 2026-May-20 11:43:43
INFO: [Labtools 27-3304] ILA Waveform data saved to file C:/Users/qipif/Desktop/FPGAProject/01_Preference/08_mypll/project/mypll.hw/backup/hw_ila_data_1.ila. Use Tcl command 'read_hw_ila_data' or Vivado File->Import->Import ILA Data menu item to import the previously saved data.
run_hw_ila [get_hw_ilas -of_objects [get_hw_devices xc7a35t_0] -filter {CELL_NAME=~"u_ila"}]
INFO: [Labtools 27-1964] The ILA core 'hw_ila_1' trigger was armed at 2026-May-20 11:43:47
wait_on_hw_ila [get_hw_ilas -of_objects [get_hw_devices xc7a35t_0] -filter {CELL_NAME=~"u_ila"}]
display_hw_ila_data [upload_hw_ila_data [get_hw_ilas -of_objects [get_hw_devices xc7a35t_0] -filter {CELL_NAME=~"u_ila"}]]
INFO: [Labtools 27-1966] The ILA core 'hw_ila_1' triggered at 2026-May-20 11:43:47
INFO: [Labtools 27-3304] ILA Waveform data saved to file C:/Users/qipif/Desktop/FPGAProject/01_Preference/08_mypll/project/mypll.hw/backup/hw_ila_data_1.ila. Use Tcl command 'read_hw_ila_data' or Vivado File->Import->Import ILA Data menu item to import the previously saved data.
run_hw_ila [get_hw_ilas -of_objects [get_hw_devices xc7a35t_0] -filter {CELL_NAME=~"u_ila"}]
INFO: [Labtools 27-1964] The ILA core 'hw_ila_1' trigger was armed at 2026-May-20 11:43:50
INFO: [Common 17-14] Message 'Labtools 27-1964' appears 100 times and further instances of the messages will be disabled. Use the Tcl command set_msg_config to change the current settings.
wait_on_hw_ila [get_hw_ilas -of_objects [get_hw_devices xc7a35t_0] -filter {CELL_NAME=~"u_ila"}]
display_hw_ila_data [upload_hw_ila_data [get_hw_ilas -of_objects [get_hw_devices xc7a35t_0] -filter {CELL_NAME=~"u_ila"}]]
INFO: [Labtools 27-1966] The ILA core 'hw_ila_1' triggered at 2026-May-20 11:43:50
INFO: [Common 17-14] Message 'Labtools 27-1966' appears 100 times and further instances of the messages will be disabled. Use the Tcl command set_msg_config to change the current settings.
INFO: [Labtools 27-3304] ILA Waveform data saved to file C:/Users/qipif/Desktop/FPGAProject/01_Preference/08_mypll/project/mypll.hw/backup/hw_ila_data_1.ila. Use Tcl command 'read_hw_ila_data' or Vivado File->Import->Import ILA Data menu item to import the previously saved data.
INFO: [Common 17-14] Message 'Labtools 27-3304' appears 100 times and further instances of the messages will be disabled. Use the Tcl command set_msg_config to change the current settings.
run_hw_ila [get_hw_ilas -of_objects [get_hw_devices xc7a35t_0] -filter {CELL_NAME=~"u_ila"}]
wait_on_hw_ila [get_hw_ilas -of_objects [get_hw_devices xc7a35t_0] -filter {CELL_NAME=~"u_ila"}]
display_hw_ila_data [upload_hw_ila_data [get_hw_ilas -of_objects [get_hw_devices xc7a35t_0] -filter {CELL_NAME=~"u_ila"}]]
run_hw_ila [get_hw_ilas -of_objects [get_hw_devices xc7a35t_0] -filter {CELL_NAME=~"u_ila"}]
wait_on_hw_ila [get_hw_ilas -of_objects [get_hw_devices xc7a35t_0] -filter {CELL_NAME=~"u_ila"}]
display_hw_ila_data [upload_hw_ila_data [get_hw_ilas -of_objects [get_hw_devices xc7a35t_0] -filter {CELL_NAME=~"u_ila"}]]
run_hw_ila [get_hw_ilas -of_objects [get_hw_devices xc7a35t_0] -filter {CELL_NAME=~"u_ila"}]
wait_on_hw_ila [get_hw_ilas -of_objects [get_hw_devices xc7a35t_0] -filter {CELL_NAME=~"u_ila"}]
display_hw_ila_data [upload_hw_ila_data [get_hw_ilas -of_objects [get_hw_devices xc7a35t_0] -filter {CELL_NAME=~"u_ila"}]]
run_hw_ila [get_hw_ilas -of_objects [get_hw_devices xc7a35t_0] -filter {CELL_NAME=~"u_ila"}]
wait_on_hw_ila [get_hw_ilas -of_objects [get_hw_devices xc7a35t_0] -filter {CELL_NAME=~"u_ila"}]
display_hw_ila_data [upload_hw_ila_data [get_hw_ilas -of_objects [get_hw_devices xc7a35t_0] -filter {CELL_NAME=~"u_ila"}]]
run_hw_ila [get_hw_ilas -of_objects [get_hw_devices xc7a35t_0] -filter {CELL_NAME=~"u_ila"}]
wait_on_hw_ila [get_hw_ilas -of_objects [get_hw_devices xc7a35t_0] -filter {CELL_NAME=~"u_ila"}]
display_hw_ila_data [upload_hw_ila_data [get_hw_ilas -of_objects [get_hw_devices xc7a35t_0] -filter {CELL_NAME=~"u_ila"}]]
run_hw_ila [get_hw_ilas -of_objects [get_hw_devices xc7a35t_0] -filter {CELL_NAME=~"u_ila"}]
wait_on_hw_ila [get_hw_ilas -of_objects [get_hw_devices xc7a35t_0] -filter {CELL_NAME=~"u_ila"}]
display_hw_ila_data [upload_hw_ila_data [get_hw_ilas -of_objects [get_hw_devices xc7a35t_0] -filter {CELL_NAME=~"u_ila"}]]
run_hw_ila [get_hw_ilas -of_objects [get_hw_devices xc7a35t_0] -filter {CELL_NAME=~"u_ila"}]
wait_on_hw_ila [get_hw_ilas -of_objects [get_hw_devices xc7a35t_0] -filter {CELL_NAME=~"u_ila"}]
display_hw_ila_data [upload_hw_ila_data [get_hw_ilas -of_objects [get_hw_devices xc7a35t_0] -filter {CELL_NAME=~"u_ila"}]]
run_hw_ila [get_hw_ilas -of_objects [get_hw_devices xc7a35t_0] -filter {CELL_NAME=~"u_ila"}]
wait_on_hw_ila [get_hw_ilas -of_objects [get_hw_devices xc7a35t_0] -filter {CELL_NAME=~"u_ila"}]
display_hw_ila_data [upload_hw_ila_data [get_hw_ilas -of_objects [get_hw_devices xc7a35t_0] -filter {CELL_NAME=~"u_ila"}]]
run_hw_ila [get_hw_ilas -of_objects [get_hw_devices xc7a35t_0] -filter {CELL_NAME=~"u_ila"}]
wait_on_hw_ila [get_hw_ilas -of_objects [get_hw_devices xc7a35t_0] -filter {CELL_NAME=~"u_ila"}]
display_hw_ila_data [upload_hw_ila_data [get_hw_ilas -of_objects [get_hw_devices xc7a35t_0] -filter {CELL_NAME=~"u_ila"}]]
run_hw_ila [get_hw_ilas -of_objects [get_hw_devices xc7a35t_0] -filter {CELL_NAME=~"u_ila"}]
wait_on_hw_ila [get_hw_ilas -of_objects [get_hw_devices xc7a35t_0] -filter {CELL_NAME=~"u_ila"}]
display_hw_ila_data [upload_hw_ila_data [get_hw_ilas -of_objects [get_hw_devices xc7a35t_0] -filter {CELL_NAME=~"u_ila"}]]
run_hw_ila [get_hw_ilas -of_objects [get_hw_devices xc7a35t_0] -filter {CELL_NAME=~"u_ila"}]
wait_on_hw_ila [get_hw_ilas -of_objects [get_hw_devices xc7a35t_0] -filter {CELL_NAME=~"u_ila"}]
display_hw_ila_data [upload_hw_ila_data [get_hw_ilas -of_objects [get_hw_devices xc7a35t_0] -filter {CELL_NAME=~"u_ila"}]]
run_hw_ila [get_hw_ilas -of_objects [get_hw_devices xc7a35t_0] -filter {CELL_NAME=~"u_ila"}]
wait_on_hw_ila [get_hw_ilas -of_objects [get_hw_devices xc7a35t_0] -filter {CELL_NAME=~"u_ila"}]
display_hw_ila_data [upload_hw_ila_data [get_hw_ilas -of_objects [get_hw_devices xc7a35t_0] -filter {CELL_NAME=~"u_ila"}]]
run_hw_ila [get_hw_ilas -of_objects [get_hw_devices xc7a35t_0] -filter {CELL_NAME=~"u_ila"}]
wait_on_hw_ila [get_hw_ilas -of_objects [get_hw_devices xc7a35t_0] -filter {CELL_NAME=~"u_ila"}]
display_hw_ila_data [upload_hw_ila_data [get_hw_ilas -of_objects [get_hw_devices xc7a35t_0] -filter {CELL_NAME=~"u_ila"}]]
run_hw_ila [get_hw_ilas -of_objects [get_hw_devices xc7a35t_0] -filter {CELL_NAME=~"u_ila"}]
wait_on_hw_ila [get_hw_ilas -of_objects [get_hw_devices xc7a35t_0] -filter {CELL_NAME=~"u_ila"}]
display_hw_ila_data [upload_hw_ila_data [get_hw_ilas -of_objects [get_hw_devices xc7a35t_0] -filter {CELL_NAME=~"u_ila"}]]
run_hw_ila [get_hw_ilas -of_objects [get_hw_devices xc7a35t_0] -filter {CELL_NAME=~"u_ila"}]
wait_on_hw_ila [get_hw_ilas -of_objects [get_hw_devices xc7a35t_0] -filter {CELL_NAME=~"u_ila"}]
display_hw_ila_data [upload_hw_ila_data [get_hw_ilas -of_objects [get_hw_devices xc7a35t_0] -filter {CELL_NAME=~"u_ila"}]]
run_hw_ila [get_hw_ilas -of_objects [get_hw_devices xc7a35t_0] -filter {CELL_NAME=~"u_ila"}]
wait_on_hw_ila [get_hw_ilas -of_objects [get_hw_devices xc7a35t_0] -filter {CELL_NAME=~"u_ila"}]
display_hw_ila_data [upload_hw_ila_data [get_hw_ilas -of_objects [get_hw_devices xc7a35t_0] -filter {CELL_NAME=~"u_ila"}]]
run_hw_ila [get_hw_ilas -of_objects [get_hw_devices xc7a35t_0] -filter {CELL_NAME=~"u_ila"}]
wait_on_hw_ila [get_hw_ilas -of_objects [get_hw_devices xc7a35t_0] -filter {CELL_NAME=~"u_ila"}]
display_hw_ila_data [upload_hw_ila_data [get_hw_ilas -of_objects [get_hw_devices xc7a35t_0] -filter {CELL_NAME=~"u_ila"}]]
run_hw_ila [get_hw_ilas -of_objects [get_hw_devices xc7a35t_0] -filter {CELL_NAME=~"u_ila"}]
wait_on_hw_ila [get_hw_ilas -of_objects [get_hw_devices xc7a35t_0] -filter {CELL_NAME=~"u_ila"}]
display_hw_ila_data [upload_hw_ila_data [get_hw_ilas -of_objects [get_hw_devices xc7a35t_0] -filter {CELL_NAME=~"u_ila"}]]
run_hw_ila [get_hw_ilas -of_objects [get_hw_devices xc7a35t_0] -filter {CELL_NAME=~"u_ila"}]
wait_on_hw_ila [get_hw_ilas -of_objects [get_hw_devices xc7a35t_0] -filter {CELL_NAME=~"u_ila"}]
display_hw_ila_data [upload_hw_ila_data [get_hw_ilas -of_objects [get_hw_devices xc7a35t_0] -filter {CELL_NAME=~"u_ila"}]]
run_hw_ila [get_hw_ilas -of_objects [get_hw_devices xc7a35t_0] -filter {CELL_NAME=~"u_ila"}]
wait_on_hw_ila [get_hw_ilas -of_objects [get_hw_devices xc7a35t_0] -filter {CELL_NAME=~"u_ila"}]
display_hw_ila_data [upload_hw_ila_data [get_hw_ilas -of_objects [get_hw_devices xc7a35t_0] -filter {CELL_NAME=~"u_ila"}]]
run_hw_ila [get_hw_ilas -of_objects [get_hw_devices xc7a35t_0] -filter {CELL_NAME=~"u_ila"}]
wait_on_hw_ila [get_hw_ilas -of_objects [get_hw_devices xc7a35t_0] -filter {CELL_NAME=~"u_ila"}]
display_hw_ila_data [upload_hw_ila_data [get_hw_ilas -of_objects [get_hw_devices xc7a35t_0] -filter {CELL_NAME=~"u_ila"}]]
run_hw_ila [get_hw_ilas -of_objects [get_hw_devices xc7a35t_0] -filter {CELL_NAME=~"u_ila"}]
wait_on_hw_ila [get_hw_ilas -of_objects [get_hw_devices xc7a35t_0] -filter {CELL_NAME=~"u_ila"}]
display_hw_ila_data [upload_hw_ila_data [get_hw_ilas -of_objects [get_hw_devices xc7a35t_0] -filter {CELL_NAME=~"u_ila"}]]
run_hw_ila [get_hw_ilas -of_objects [get_hw_devices xc7a35t_0] -filter {CELL_NAME=~"u_ila"}]
wait_on_hw_ila [get_hw_ilas -of_objects [get_hw_devices xc7a35t_0] -filter {CELL_NAME=~"u_ila"}]
display_hw_ila_data [upload_hw_ila_data [get_hw_ilas -of_objects [get_hw_devices xc7a35t_0] -filter {CELL_NAME=~"u_ila"}]]
run_hw_ila [get_hw_ilas -of_objects [get_hw_devices xc7a35t_0] -filter {CELL_NAME=~"u_ila"}]
wait_on_hw_ila [get_hw_ilas -of_objects [get_hw_devices xc7a35t_0] -filter {CELL_NAME=~"u_ila"}]
display_hw_ila_data [upload_hw_ila_data [get_hw_ilas -of_objects [get_hw_devices xc7a35t_0] -filter {CELL_NAME=~"u_ila"}]]
run_hw_ila [get_hw_ilas -of_objects [get_hw_devices xc7a35t_0] -filter {CELL_NAME=~"u_ila"}]
wait_on_hw_ila [get_hw_ilas -of_objects [get_hw_devices xc7a35t_0] -filter {CELL_NAME=~"u_ila"}]
display_hw_ila_data [upload_hw_ila_data [get_hw_ilas -of_objects [get_hw_devices xc7a35t_0] -filter {CELL_NAME=~"u_ila"}]]
run_hw_ila [get_hw_ilas -of_objects [get_hw_devices xc7a35t_0] -filter {CELL_NAME=~"u_ila"}]
wait_on_hw_ila [get_hw_ilas -of_objects [get_hw_devices xc7a35t_0] -filter {CELL_NAME=~"u_ila"}]
display_hw_ila_data [upload_hw_ila_data [get_hw_ilas -of_objects [get_hw_devices xc7a35t_0] -filter {CELL_NAME=~"u_ila"}]]
run_hw_ila [get_hw_ilas -of_objects [get_hw_devices xc7a35t_0] -filter {CELL_NAME=~"u_ila"}]
wait_on_hw_ila [get_hw_ilas -of_objects [get_hw_devices xc7a35t_0] -filter {CELL_NAME=~"u_ila"}]
display_hw_ila_data [upload_hw_ila_data [get_hw_ilas -of_objects [get_hw_devices xc7a35t_0] -filter {CELL_NAME=~"u_ila"}]]
run_hw_ila [get_hw_ilas -of_objects [get_hw_devices xc7a35t_0] -filter {CELL_NAME=~"u_ila"}]
wait_on_hw_ila [get_hw_ilas -of_objects [get_hw_devices xc7a35t_0] -filter {CELL_NAME=~"u_ila"}]
display_hw_ila_data [upload_hw_ila_data [get_hw_ilas -of_objects [get_hw_devices xc7a35t_0] -filter {CELL_NAME=~"u_ila"}]]
run_hw_ila [get_hw_ilas -of_objects [get_hw_devices xc7a35t_0] -filter {CELL_NAME=~"u_ila"}]
wait_on_hw_ila [get_hw_ilas -of_objects [get_hw_devices xc7a35t_0] -filter {CELL_NAME=~"u_ila"}]
display_hw_ila_data [upload_hw_ila_data [get_hw_ilas -of_objects [get_hw_devices xc7a35t_0] -filter {CELL_NAME=~"u_ila"}]]
run_hw_ila [get_hw_ilas -of_objects [get_hw_devices xc7a35t_0] -filter {CELL_NAME=~"u_ila"}]
wait_on_hw_ila [get_hw_ilas -of_objects [get_hw_devices xc7a35t_0] -filter {CELL_NAME=~"u_ila"}]
display_hw_ila_data [upload_hw_ila_data [get_hw_ilas -of_objects [get_hw_devices xc7a35t_0] -filter {CELL_NAME=~"u_ila"}]]
run_hw_ila [get_hw_ilas -of_objects [get_hw_devices xc7a35t_0] -filter {CELL_NAME=~"u_ila"}]
wait_on_hw_ila [get_hw_ilas -of_objects [get_hw_devices xc7a35t_0] -filter {CELL_NAME=~"u_ila"}]
display_hw_ila_data [upload_hw_ila_data [get_hw_ilas -of_objects [get_hw_devices xc7a35t_0] -filter {CELL_NAME=~"u_ila"}]]
run_hw_ila [get_hw_ilas -of_objects [get_hw_devices xc7a35t_0] -filter {CELL_NAME=~"u_ila"}]
wait_on_hw_ila [get_hw_ilas -of_objects [get_hw_devices xc7a35t_0] -filter {CELL_NAME=~"u_ila"}]
display_hw_ila_data [upload_hw_ila_data [get_hw_ilas -of_objects [get_hw_devices xc7a35t_0] -filter {CELL_NAME=~"u_ila"}]]
run_hw_ila [get_hw_ilas -of_objects [get_hw_devices xc7a35t_0] -filter {CELL_NAME=~"u_ila"}]
wait_on_hw_ila [get_hw_ilas -of_objects [get_hw_devices xc7a35t_0] -filter {CELL_NAME=~"u_ila"}]
display_hw_ila_data [upload_hw_ila_data [get_hw_ilas -of_objects [get_hw_devices xc7a35t_0] -filter {CELL_NAME=~"u_ila"}]]
run_hw_ila [get_hw_ilas -of_objects [get_hw_devices xc7a35t_0] -filter {CELL_NAME=~"u_ila"}]
wait_on_hw_ila [get_hw_ilas -of_objects [get_hw_devices xc7a35t_0] -filter {CELL_NAME=~"u_ila"}]
display_hw_ila_data [upload_hw_ila_data [get_hw_ilas -of_objects [get_hw_devices xc7a35t_0] -filter {CELL_NAME=~"u_ila"}]]
run_hw_ila [get_hw_ilas -of_objects [get_hw_devices xc7a35t_0] -filter {CELL_NAME=~"u_ila"}]
wait_on_hw_ila [get_hw_ilas -of_objects [get_hw_devices xc7a35t_0] -filter {CELL_NAME=~"u_ila"}]
display_hw_ila_data [upload_hw_ila_data [get_hw_ilas -of_objects [get_hw_devices xc7a35t_0] -filter {CELL_NAME=~"u_ila"}]]
run_hw_ila [get_hw_ilas -of_objects [get_hw_devices xc7a35t_0] -filter {CELL_NAME=~"u_ila"}]
wait_on_hw_ila [get_hw_ilas -of_objects [get_hw_devices xc7a35t_0] -filter {CELL_NAME=~"u_ila"}]
display_hw_ila_data [upload_hw_ila_data [get_hw_ilas -of_objects [get_hw_devices xc7a35t_0] -filter {CELL_NAME=~"u_ila"}]]
run_hw_ila [get_hw_ilas -of_objects [get_hw_devices xc7a35t_0] -filter {CELL_NAME=~"u_ila"}]
wait_on_hw_ila [get_hw_ilas -of_objects [get_hw_devices xc7a35t_0] -filter {CELL_NAME=~"u_ila"}]
display_hw_ila_data [upload_hw_ila_data [get_hw_ilas -of_objects [get_hw_devices xc7a35t_0] -filter {CELL_NAME=~"u_ila"}]]
run_hw_ila [get_hw_ilas -of_objects [get_hw_devices xc7a35t_0] -filter {CELL_NAME=~"u_ila"}]
wait_on_hw_ila [get_hw_ilas -of_objects [get_hw_devices xc7a35t_0] -filter {CELL_NAME=~"u_ila"}]
display_hw_ila_data [upload_hw_ila_data [get_hw_ilas -of_objects [get_hw_devices xc7a35t_0] -filter {CELL_NAME=~"u_ila"}]]
run_hw_ila [get_hw_ilas -of_objects [get_hw_devices xc7a35t_0] -filter {CELL_NAME=~"u_ila"}]
wait_on_hw_ila [get_hw_ilas -of_objects [get_hw_devices xc7a35t_0] -filter {CELL_NAME=~"u_ila"}]
display_hw_ila_data [upload_hw_ila_data [get_hw_ilas -of_objects [get_hw_devices xc7a35t_0] -filter {CELL_NAME=~"u_ila"}]]
run_hw_ila [get_hw_ilas -of_objects [get_hw_devices xc7a35t_0] -filter {CELL_NAME=~"u_ila"}]
wait_on_hw_ila [get_hw_ilas -of_objects [get_hw_devices xc7a35t_0] -filter {CELL_NAME=~"u_ila"}]
display_hw_ila_data [upload_hw_ila_data [get_hw_ilas -of_objects [get_hw_devices xc7a35t_0] -filter {CELL_NAME=~"u_ila"}]]
run_hw_ila [get_hw_ilas -of_objects [get_hw_devices xc7a35t_0] -filter {CELL_NAME=~"u_ila"}]
wait_on_hw_ila [get_hw_ilas -of_objects [get_hw_devices xc7a35t_0] -filter {CELL_NAME=~"u_ila"}]
display_hw_ila_data [upload_hw_ila_data [get_hw_ilas -of_objects [get_hw_devices xc7a35t_0] -filter {CELL_NAME=~"u_ila"}]]
run_hw_ila [get_hw_ilas -of_objects [get_hw_devices xc7a35t_0] -filter {CELL_NAME=~"u_ila"}]
wait_on_hw_ila [get_hw_ilas -of_objects [get_hw_devices xc7a35t_0] -filter {CELL_NAME=~"u_ila"}]
display_hw_ila_data [upload_hw_ila_data [get_hw_ilas -of_objects [get_hw_devices xc7a35t_0] -filter {CELL_NAME=~"u_ila"}]]
run_hw_ila [get_hw_ilas -of_objects [get_hw_devices xc7a35t_0] -filter {CELL_NAME=~"u_ila"}]
wait_on_hw_ila [get_hw_ilas -of_objects [get_hw_devices xc7a35t_0] -filter {CELL_NAME=~"u_ila"}]
display_hw_ila_data [upload_hw_ila_data [get_hw_ilas -of_objects [get_hw_devices xc7a35t_0] -filter {CELL_NAME=~"u_ila"}]]
run_hw_ila [get_hw_ilas -of_objects [get_hw_devices xc7a35t_0] -filter {CELL_NAME=~"u_ila"}]
wait_on_hw_ila [get_hw_ilas -of_objects [get_hw_devices xc7a35t_0] -filter {CELL_NAME=~"u_ila"}]
display_hw_ila_data [upload_hw_ila_data [get_hw_ilas -of_objects [get_hw_devices xc7a35t_0] -filter {CELL_NAME=~"u_ila"}]]
run_hw_ila [get_hw_ilas -of_objects [get_hw_devices xc7a35t_0] -filter {CELL_NAME=~"u_ila"}]
wait_on_hw_ila [get_hw_ilas -of_objects [get_hw_devices xc7a35t_0] -filter {CELL_NAME=~"u_ila"}]
display_hw_ila_data [upload_hw_ila_data [get_hw_ilas -of_objects [get_hw_devices xc7a35t_0] -filter {CELL_NAME=~"u_ila"}]]
run_hw_ila [get_hw_ilas -of_objects [get_hw_devices xc7a35t_0] -filter {CELL_NAME=~"u_ila"}]
wait_on_hw_ila [get_hw_ilas -of_objects [get_hw_devices xc7a35t_0] -filter {CELL_NAME=~"u_ila"}]
display_hw_ila_data [upload_hw_ila_data [get_hw_ilas -of_objects [get_hw_devices xc7a35t_0] -filter {CELL_NAME=~"u_ila"}]]
run_hw_ila [get_hw_ilas -of_objects [get_hw_devices xc7a35t_0] -filter {CELL_NAME=~"u_ila"}]
wait_on_hw_ila [get_hw_ilas -of_objects [get_hw_devices xc7a35t_0] -filter {CELL_NAME=~"u_ila"}]
display_hw_ila_data [upload_hw_ila_data [get_hw_ilas -of_objects [get_hw_devices xc7a35t_0] -filter {CELL_NAME=~"u_ila"}]]
run_hw_ila [get_hw_ilas -of_objects [get_hw_devices xc7a35t_0] -filter {CELL_NAME=~"u_ila"}]
wait_on_hw_ila [get_hw_ilas -of_objects [get_hw_devices xc7a35t_0] -filter {CELL_NAME=~"u_ila"}]
display_hw_ila_data [upload_hw_ila_data [get_hw_ilas -of_objects [get_hw_devices xc7a35t_0] -filter {CELL_NAME=~"u_ila"}]]
run_hw_ila [get_hw_ilas -of_objects [get_hw_devices xc7a35t_0] -filter {CELL_NAME=~"u_ila"}]
wait_on_hw_ila [get_hw_ilas -of_objects [get_hw_devices xc7a35t_0] -filter {CELL_NAME=~"u_ila"}]
display_hw_ila_data [upload_hw_ila_data [get_hw_ilas -of_objects [get_hw_devices xc7a35t_0] -filter {CELL_NAME=~"u_ila"}]]
run_hw_ila [get_hw_ilas -of_objects [get_hw_devices xc7a35t_0] -filter {CELL_NAME=~"u_ila"}]
wait_on_hw_ila [get_hw_ilas -of_objects [get_hw_devices xc7a35t_0] -filter {CELL_NAME=~"u_ila"}]
display_hw_ila_data [upload_hw_ila_data [get_hw_ilas -of_objects [get_hw_devices xc7a35t_0] -filter {CELL_NAME=~"u_ila"}]]
run_hw_ila [get_hw_ilas -of_objects [get_hw_devices xc7a35t_0] -filter {CELL_NAME=~"u_ila"}]
wait_on_hw_ila [get_hw_ilas -of_objects [get_hw_devices xc7a35t_0] -filter {CELL_NAME=~"u_ila"}]
display_hw_ila_data [upload_hw_ila_data [get_hw_ilas -of_objects [get_hw_devices xc7a35t_0] -filter {CELL_NAME=~"u_ila"}]]
run_hw_ila [get_hw_ilas -of_objects [get_hw_devices xc7a35t_0] -filter {CELL_NAME=~"u_ila"}]
wait_on_hw_ila [get_hw_ilas -of_objects [get_hw_devices xc7a35t_0] -filter {CELL_NAME=~"u_ila"}]
display_hw_ila_data [upload_hw_ila_data [get_hw_ilas -of_objects [get_hw_devices xc7a35t_0] -filter {CELL_NAME=~"u_ila"}]]
run_hw_ila [get_hw_ilas -of_objects [get_hw_devices xc7a35t_0] -filter {CELL_NAME=~"u_ila"}]
wait_on_hw_ila [get_hw_ilas -of_objects [get_hw_devices xc7a35t_0] -filter {CELL_NAME=~"u_ila"}]
display_hw_ila_data [upload_hw_ila_data [get_hw_ilas -of_objects [get_hw_devices xc7a35t_0] -filter {CELL_NAME=~"u_ila"}]]
run_hw_ila [get_hw_ilas -of_objects [get_hw_devices xc7a35t_0] -filter {CELL_NAME=~"u_ila"}]
wait_on_hw_ila [get_hw_ilas -of_objects [get_hw_devices xc7a35t_0] -filter {CELL_NAME=~"u_ila"}]
display_hw_ila_data [upload_hw_ila_data [get_hw_ilas -of_objects [get_hw_devices xc7a35t_0] -filter {CELL_NAME=~"u_ila"}]]
run_hw_ila [get_hw_ilas -of_objects [get_hw_devices xc7a35t_0] -filter {CELL_NAME=~"u_ila"}]
wait_on_hw_ila [get_hw_ilas -of_objects [get_hw_devices xc7a35t_0] -filter {CELL_NAME=~"u_ila"}]
display_hw_ila_data [upload_hw_ila_data [get_hw_ilas -of_objects [get_hw_devices xc7a35t_0] -filter {CELL_NAME=~"u_ila"}]]
run_hw_ila [get_hw_ilas -of_objects [get_hw_devices xc7a35t_0] -filter {CELL_NAME=~"u_ila"}]
wait_on_hw_ila [get_hw_ilas -of_objects [get_hw_devices xc7a35t_0] -filter {CELL_NAME=~"u_ila"}]
display_hw_ila_data [upload_hw_ila_data [get_hw_ilas -of_objects [get_hw_devices xc7a35t_0] -filter {CELL_NAME=~"u_ila"}]]
run_hw_ila [get_hw_ilas -of_objects [get_hw_devices xc7a35t_0] -filter {CELL_NAME=~"u_ila"}]
wait_on_hw_ila [get_hw_ilas -of_objects [get_hw_devices xc7a35t_0] -filter {CELL_NAME=~"u_ila"}]
display_hw_ila_data [upload_hw_ila_data [get_hw_ilas -of_objects [get_hw_devices xc7a35t_0] -filter {CELL_NAME=~"u_ila"}]]
run_hw_ila [get_hw_ilas -of_objects [get_hw_devices xc7a35t_0] -filter {CELL_NAME=~"u_ila"}]
wait_on_hw_ila [get_hw_ilas -of_objects [get_hw_devices xc7a35t_0] -filter {CELL_NAME=~"u_ila"}]
display_hw_ila_data [upload_hw_ila_data [get_hw_ilas -of_objects [get_hw_devices xc7a35t_0] -filter {CELL_NAME=~"u_ila"}]]
run_hw_ila [get_hw_ilas -of_objects [get_hw_devices xc7a35t_0] -filter {CELL_NAME=~"u_ila"}]
wait_on_hw_ila [get_hw_ilas -of_objects [get_hw_devices xc7a35t_0] -filter {CELL_NAME=~"u_ila"}]
display_hw_ila_data [upload_hw_ila_data [get_hw_ilas -of_objects [get_hw_devices xc7a35t_0] -filter {CELL_NAME=~"u_ila"}]]
run_hw_ila [get_hw_ilas -of_objects [get_hw_devices xc7a35t_0] -filter {CELL_NAME=~"u_ila"}]
wait_on_hw_ila [get_hw_ilas -of_objects [get_hw_devices xc7a35t_0] -filter {CELL_NAME=~"u_ila"}]
display_hw_ila_data [upload_hw_ila_data [get_hw_ilas -of_objects [get_hw_devices xc7a35t_0] -filter {CELL_NAME=~"u_ila"}]]
run_hw_ila [get_hw_ilas -of_objects [get_hw_devices xc7a35t_0] -filter {CELL_NAME=~"u_ila"}]
wait_on_hw_ila [get_hw_ilas -of_objects [get_hw_devices xc7a35t_0] -filter {CELL_NAME=~"u_ila"}]
display_hw_ila_data [upload_hw_ila_data [get_hw_ilas -of_objects [get_hw_devices xc7a35t_0] -filter {CELL_NAME=~"u_ila"}]]
run_hw_ila [get_hw_ilas -of_objects [get_hw_devices xc7a35t_0] -filter {CELL_NAME=~"u_ila"}]
wait_on_hw_ila [get_hw_ilas -of_objects [get_hw_devices xc7a35t_0] -filter {CELL_NAME=~"u_ila"}]
display_hw_ila_data [upload_hw_ila_data [get_hw_ilas -of_objects [get_hw_devices xc7a35t_0] -filter {CELL_NAME=~"u_ila"}]]
run_hw_ila [get_hw_ilas -of_objects [get_hw_devices xc7a35t_0] -filter {CELL_NAME=~"u_ila"}]
wait_on_hw_ila [get_hw_ilas -of_objects [get_hw_devices xc7a35t_0] -filter {CELL_NAME=~"u_ila"}]
display_hw_ila_data [upload_hw_ila_data [get_hw_ilas -of_objects [get_hw_devices xc7a35t_0] -filter {CELL_NAME=~"u_ila"}]]
run_hw_ila [get_hw_ilas -of_objects [get_hw_devices xc7a35t_0] -filter {CELL_NAME=~"u_ila"}]
wait_on_hw_ila [get_hw_ilas -of_objects [get_hw_devices xc7a35t_0] -filter {CELL_NAME=~"u_ila"}]
display_hw_ila_data [upload_hw_ila_data [get_hw_ilas -of_objects [get_hw_devices xc7a35t_0] -filter {CELL_NAME=~"u_ila"}]]
run_hw_ila [get_hw_ilas -of_objects [get_hw_devices xc7a35t_0] -filter {CELL_NAME=~"u_ila"}]
wait_on_hw_ila [get_hw_ilas -of_objects [get_hw_devices xc7a35t_0] -filter {CELL_NAME=~"u_ila"}]
display_hw_ila_data [upload_hw_ila_data [get_hw_ilas -of_objects [get_hw_devices xc7a35t_0] -filter {CELL_NAME=~"u_ila"}]]
run_hw_ila [get_hw_ilas -of_objects [get_hw_devices xc7a35t_0] -filter {CELL_NAME=~"u_ila"}]
wait_on_hw_ila [get_hw_ilas -of_objects [get_hw_devices xc7a35t_0] -filter {CELL_NAME=~"u_ila"}]
display_hw_ila_data [upload_hw_ila_data [get_hw_ilas -of_objects [get_hw_devices xc7a35t_0] -filter {CELL_NAME=~"u_ila"}]]
run_hw_ila [get_hw_ilas -of_objects [get_hw_devices xc7a35t_0] -filter {CELL_NAME=~"u_ila"}]
wait_on_hw_ila [get_hw_ilas -of_objects [get_hw_devices xc7a35t_0] -filter {CELL_NAME=~"u_ila"}]
display_hw_ila_data [upload_hw_ila_data [get_hw_ilas -of_objects [get_hw_devices xc7a35t_0] -filter {CELL_NAME=~"u_ila"}]]
run_hw_ila [get_hw_ilas -of_objects [get_hw_devices xc7a35t_0] -filter {CELL_NAME=~"u_ila"}]
wait_on_hw_ila [get_hw_ilas -of_objects [get_hw_devices xc7a35t_0] -filter {CELL_NAME=~"u_ila"}]
display_hw_ila_data [upload_hw_ila_data [get_hw_ilas -of_objects [get_hw_devices xc7a35t_0] -filter {CELL_NAME=~"u_ila"}]]
run_hw_ila [get_hw_ilas -of_objects [get_hw_devices xc7a35t_0] -filter {CELL_NAME=~"u_ila"}]
wait_on_hw_ila [get_hw_ilas -of_objects [get_hw_devices xc7a35t_0] -filter {CELL_NAME=~"u_ila"}]
display_hw_ila_data [upload_hw_ila_data [get_hw_ilas -of_objects [get_hw_devices xc7a35t_0] -filter {CELL_NAME=~"u_ila"}]]
run_hw_ila [get_hw_ilas -of_objects [get_hw_devices xc7a35t_0] -filter {CELL_NAME=~"u_ila"}]
wait_on_hw_ila [get_hw_ilas -of_objects [get_hw_devices xc7a35t_0] -filter {CELL_NAME=~"u_ila"}]
display_hw_ila_data [upload_hw_ila_data [get_hw_ilas -of_objects [get_hw_devices xc7a35t_0] -filter {CELL_NAME=~"u_ila"}]]
run_hw_ila [get_hw_ilas -of_objects [get_hw_devices xc7a35t_0] -filter {CELL_NAME=~"u_ila"}]
wait_on_hw_ila [get_hw_ilas -of_objects [get_hw_devices xc7a35t_0] -filter {CELL_NAME=~"u_ila"}]
display_hw_ila_data [upload_hw_ila_data [get_hw_ilas -of_objects [get_hw_devices xc7a35t_0] -filter {CELL_NAME=~"u_ila"}]]
run_hw_ila [get_hw_ilas -of_objects [get_hw_devices xc7a35t_0] -filter {CELL_NAME=~"u_ila"}]
wait_on_hw_ila [get_hw_ilas -of_objects [get_hw_devices xc7a35t_0] -filter {CELL_NAME=~"u_ila"}]
display_hw_ila_data [upload_hw_ila_data [get_hw_ilas -of_objects [get_hw_devices xc7a35t_0] -filter {CELL_NAME=~"u_ila"}]]
run_hw_ila [get_hw_ilas -of_objects [get_hw_devices xc7a35t_0] -filter {CELL_NAME=~"u_ila"}]
wait_on_hw_ila [get_hw_ilas -of_objects [get_hw_devices xc7a35t_0] -filter {CELL_NAME=~"u_ila"}]
display_hw_ila_data [upload_hw_ila_data [get_hw_ilas -of_objects [get_hw_devices xc7a35t_0] -filter {CELL_NAME=~"u_ila"}]]
run_hw_ila [get_hw_ilas -of_objects [get_hw_devices xc7a35t_0] -filter {CELL_NAME=~"u_ila"}]
wait_on_hw_ila [get_hw_ilas -of_objects [get_hw_devices xc7a35t_0] -filter {CELL_NAME=~"u_ila"}]
display_hw_ila_data [upload_hw_ila_data [get_hw_ilas -of_objects [get_hw_devices xc7a35t_0] -filter {CELL_NAME=~"u_ila"}]]
run_hw_ila [get_hw_ilas -of_objects [get_hw_devices xc7a35t_0] -filter {CELL_NAME=~"u_ila"}]
wait_on_hw_ila [get_hw_ilas -of_objects [get_hw_devices xc7a35t_0] -filter {CELL_NAME=~"u_ila"}]
display_hw_ila_data [upload_hw_ila_data [get_hw_ilas -of_objects [get_hw_devices xc7a35t_0] -filter {CELL_NAME=~"u_ila"}]]
run_hw_ila [get_hw_ilas -of_objects [get_hw_devices xc7a35t_0] -filter {CELL_NAME=~"u_ila"}]
wait_on_hw_ila [get_hw_ilas -of_objects [get_hw_devices xc7a35t_0] -filter {CELL_NAME=~"u_ila"}]
display_hw_ila_data [upload_hw_ila_data [get_hw_ilas -of_objects [get_hw_devices xc7a35t_0] -filter {CELL_NAME=~"u_ila"}]]
run_hw_ila [get_hw_ilas -of_objects [get_hw_devices xc7a35t_0] -filter {CELL_NAME=~"u_ila"}]
wait_on_hw_ila [get_hw_ilas -of_objects [get_hw_devices xc7a35t_0] -filter {CELL_NAME=~"u_ila"}]
display_hw_ila_data [upload_hw_ila_data [get_hw_ilas -of_objects [get_hw_devices xc7a35t_0] -filter {CELL_NAME=~"u_ila"}]]
run_hw_ila [get_hw_ilas -of_objects [get_hw_devices xc7a35t_0] -filter {CELL_NAME=~"u_ila"}]
wait_on_hw_ila [get_hw_ilas -of_objects [get_hw_devices xc7a35t_0] -filter {CELL_NAME=~"u_ila"}]
display_hw_ila_data [upload_hw_ila_data [get_hw_ilas -of_objects [get_hw_devices xc7a35t_0] -filter {CELL_NAME=~"u_ila"}]]
run_hw_ila [get_hw_ilas -of_objects [get_hw_devices xc7a35t_0] -filter {CELL_NAME=~"u_ila"}]
wait_on_hw_ila [get_hw_ilas -of_objects [get_hw_devices xc7a35t_0] -filter {CELL_NAME=~"u_ila"}]
display_hw_ila_data [upload_hw_ila_data [get_hw_ilas -of_objects [get_hw_devices xc7a35t_0] -filter {CELL_NAME=~"u_ila"}]]
run_hw_ila [get_hw_ilas -of_objects [get_hw_devices xc7a35t_0] -filter {CELL_NAME=~"u_ila"}]
wait_on_hw_ila [get_hw_ilas -of_objects [get_hw_devices xc7a35t_0] -filter {CELL_NAME=~"u_ila"}]
display_hw_ila_data [upload_hw_ila_data [get_hw_ilas -of_objects [get_hw_devices xc7a35t_0] -filter {CELL_NAME=~"u_ila"}]]
run_hw_ila [get_hw_ilas -of_objects [get_hw_devices xc7a35t_0] -filter {CELL_NAME=~"u_ila"}]
wait_on_hw_ila [get_hw_ilas -of_objects [get_hw_devices xc7a35t_0] -filter {CELL_NAME=~"u_ila"}]
display_hw_ila_data [upload_hw_ila_data [get_hw_ilas -of_objects [get_hw_devices xc7a35t_0] -filter {CELL_NAME=~"u_ila"}]]
run_hw_ila [get_hw_ilas -of_objects [get_hw_devices xc7a35t_0] -filter {CELL_NAME=~"u_ila"}]
wait_on_hw_ila [get_hw_ilas -of_objects [get_hw_devices xc7a35t_0] -filter {CELL_NAME=~"u_ila"}]
display_hw_ila_data [upload_hw_ila_data [get_hw_ilas -of_objects [get_hw_devices xc7a35t_0] -filter {CELL_NAME=~"u_ila"}]]
run_hw_ila [get_hw_ilas -of_objects [get_hw_devices xc7a35t_0] -filter {CELL_NAME=~"u_ila"}]
wait_on_hw_ila [get_hw_ilas -of_objects [get_hw_devices xc7a35t_0] -filter {CELL_NAME=~"u_ila"}]
display_hw_ila_data [upload_hw_ila_data [get_hw_ilas -of_objects [get_hw_devices xc7a35t_0] -filter {CELL_NAME=~"u_ila"}]]
run_hw_ila [get_hw_ilas -of_objects [get_hw_devices xc7a35t_0] -filter {CELL_NAME=~"u_ila"}]
wait_on_hw_ila [get_hw_ilas -of_objects [get_hw_devices xc7a35t_0] -filter {CELL_NAME=~"u_ila"}]
display_hw_ila_data [upload_hw_ila_data [get_hw_ilas -of_objects [get_hw_devices xc7a35t_0] -filter {CELL_NAME=~"u_ila"}]]
run_hw_ila [get_hw_ilas -of_objects [get_hw_devices xc7a35t_0] -filter {CELL_NAME=~"u_ila"}]
wait_on_hw_ila [get_hw_ilas -of_objects [get_hw_devices xc7a35t_0] -filter {CELL_NAME=~"u_ila"}]
display_hw_ila_data [upload_hw_ila_data [get_hw_ilas -of_objects [get_hw_devices xc7a35t_0] -filter {CELL_NAME=~"u_ila"}]]
run_hw_ila [get_hw_ilas -of_objects [get_hw_devices xc7a35t_0] -filter {CELL_NAME=~"u_ila"}]
wait_on_hw_ila [get_hw_ilas -of_objects [get_hw_devices xc7a35t_0] -filter {CELL_NAME=~"u_ila"}]
display_hw_ila_data [upload_hw_ila_data [get_hw_ilas -of_objects [get_hw_devices xc7a35t_0] -filter {CELL_NAME=~"u_ila"}]]
run_hw_ila [get_hw_ilas -of_objects [get_hw_devices xc7a35t_0] -filter {CELL_NAME=~"u_ila"}]
wait_on_hw_ila [get_hw_ilas -of_objects [get_hw_devices xc7a35t_0] -filter {CELL_NAME=~"u_ila"}]
display_hw_ila_data [upload_hw_ila_data [get_hw_ilas -of_objects [get_hw_devices xc7a35t_0] -filter {CELL_NAME=~"u_ila"}]]
run_hw_ila [get_hw_ilas -of_objects [get_hw_devices xc7a35t_0] -filter {CELL_NAME=~"u_ila"}]
wait_on_hw_ila [get_hw_ilas -of_objects [get_hw_devices xc7a35t_0] -filter {CELL_NAME=~"u_ila"}]
display_hw_ila_data [upload_hw_ila_data [get_hw_ilas -of_objects [get_hw_devices xc7a35t_0] -filter {CELL_NAME=~"u_ila"}]]
run_hw_ila [get_hw_ilas -of_objects [get_hw_devices xc7a35t_0] -filter {CELL_NAME=~"u_ila"}]
wait_on_hw_ila [get_hw_ilas -of_objects [get_hw_devices xc7a35t_0] -filter {CELL_NAME=~"u_ila"}]
display_hw_ila_data [upload_hw_ila_data [get_hw_ilas -of_objects [get_hw_devices xc7a35t_0] -filter {CELL_NAME=~"u_ila"}]]
run_hw_ila [get_hw_ilas -of_objects [get_hw_devices xc7a35t_0] -filter {CELL_NAME=~"u_ila"}]
INFO: [Labtools 27-1964] The ILA core 'hw_ila_1' trigger was armed at 2026-May-20 11:48:54
wait_on_hw_ila [get_hw_ilas -of_objects [get_hw_devices xc7a35t_0] -filter {CELL_NAME=~"u_ila"}]
display_hw_ila_data [upload_hw_ila_data [get_hw_ilas -of_objects [get_hw_devices xc7a35t_0] -filter {CELL_NAME=~"u_ila"}]]
INFO: [Labtools 27-1966] The ILA core 'hw_ila_1' triggered at 2026-May-20 11:48:54
INFO: [Labtools 27-3304] ILA Waveform data saved to file C:/Users/qipif/Desktop/FPGAProject/01_Preference/08_mypll/project/mypll.hw/backup/hw_ila_data_1.ila. Use Tcl command 'read_hw_ila_data' or Vivado File->Import->Import ILA Data menu item to import the previously saved data.
run_hw_ila [get_hw_ilas -of_objects [get_hw_devices xc7a35t_0] -filter {CELL_NAME=~"u_ila"}]
INFO: [Labtools 27-1964] The ILA core 'hw_ila_1' trigger was armed at 2026-May-20 11:48:58
wait_on_hw_ila [get_hw_ilas -of_objects [get_hw_devices xc7a35t_0] -filter {CELL_NAME=~"u_ila"}]
display_hw_ila_data [upload_hw_ila_data [get_hw_ilas -of_objects [get_hw_devices xc7a35t_0] -filter {CELL_NAME=~"u_ila"}]]
INFO: [Labtools 27-1966] The ILA core 'hw_ila_1' triggered at 2026-May-20 11:48:58
INFO: [Labtools 27-3304] ILA Waveform data saved to file C:/Users/qipif/Desktop/FPGAProject/01_Preference/08_mypll/project/mypll.hw/backup/hw_ila_data_1.ila. Use Tcl command 'read_hw_ila_data' or Vivado File->Import->Import ILA Data menu item to import the previously saved data.
run_hw_ila [get_hw_ilas -of_objects [get_hw_devices xc7a35t_0] -filter {CELL_NAME=~"u_ila"}]
INFO: [Labtools 27-1964] The ILA core 'hw_ila_1' trigger was armed at 2026-May-20 11:49:01
wait_on_hw_ila [get_hw_ilas -of_objects [get_hw_devices xc7a35t_0] -filter {CELL_NAME=~"u_ila"}]
display_hw_ila_data [upload_hw_ila_data [get_hw_ilas -of_objects [get_hw_devices xc7a35t_0] -filter {CELL_NAME=~"u_ila"}]]
INFO: [Labtools 27-1966] The ILA core 'hw_ila_1' triggered at 2026-May-20 11:49:01
INFO: [Labtools 27-3304] ILA Waveform data saved to file C:/Users/qipif/Desktop/FPGAProject/01_Preference/08_mypll/project/mypll.hw/backup/hw_ila_data_1.ila. Use Tcl command 'read_hw_ila_data' or Vivado File->Import->Import ILA Data menu item to import the previously saved data.
run_hw_ila [get_hw_ilas -of_objects [get_hw_devices xc7a35t_0] -filter {CELL_NAME=~"u_ila"}]
INFO: [Labtools 27-1964] The ILA core 'hw_ila_1' trigger was armed at 2026-May-20 11:49:05
wait_on_hw_ila [get_hw_ilas -of_objects [get_hw_devices xc7a35t_0] -filter {CELL_NAME=~"u_ila"}]
display_hw_ila_data [upload_hw_ila_data [get_hw_ilas -of_objects [get_hw_devices xc7a35t_0] -filter {CELL_NAME=~"u_ila"}]]
INFO: [Labtools 27-1966] The ILA core 'hw_ila_1' triggered at 2026-May-20 11:49:05
INFO: [Labtools 27-3304] ILA Waveform data saved to file C:/Users/qipif/Desktop/FPGAProject/01_Preference/08_mypll/project/mypll.hw/backup/hw_ila_data_1.ila. Use Tcl command 'read_hw_ila_data' or Vivado File->Import->Import ILA Data menu item to import the previously saved data.
run_hw_ila [get_hw_ilas -of_objects [get_hw_devices xc7a35t_0] -filter {CELL_NAME=~"u_ila"}]
INFO: [Labtools 27-1964] The ILA core 'hw_ila_1' trigger was armed at 2026-May-20 11:49:08
wait_on_hw_ila [get_hw_ilas -of_objects [get_hw_devices xc7a35t_0] -filter {CELL_NAME=~"u_ila"}]
display_hw_ila_data [upload_hw_ila_data [get_hw_ilas -of_objects [get_hw_devices xc7a35t_0] -filter {CELL_NAME=~"u_ila"}]]
INFO: [Labtools 27-1966] The ILA core 'hw_ila_1' triggered at 2026-May-20 11:49:08
INFO: [Labtools 27-3304] ILA Waveform data saved to file C:/Users/qipif/Desktop/FPGAProject/01_Preference/08_mypll/project/mypll.hw/backup/hw_ila_data_1.ila. Use Tcl command 'read_hw_ila_data' or Vivado File->Import->Import ILA Data menu item to import the previously saved data.
run_hw_ila [get_hw_ilas -of_objects [get_hw_devices xc7a35t_0] -filter {CELL_NAME=~"u_ila"}]
INFO: [Labtools 27-1964] The ILA core 'hw_ila_1' trigger was armed at 2026-May-20 11:49:11
wait_on_hw_ila [get_hw_ilas -of_objects [get_hw_devices xc7a35t_0] -filter {CELL_NAME=~"u_ila"}]
display_hw_ila_data [upload_hw_ila_data [get_hw_ilas -of_objects [get_hw_devices xc7a35t_0] -filter {CELL_NAME=~"u_ila"}]]
INFO: [Labtools 27-1966] The ILA core 'hw_ila_1' triggered at 2026-May-20 11:49:11
INFO: [Labtools 27-3304] ILA Waveform data saved to file C:/Users/qipif/Desktop/FPGAProject/01_Preference/08_mypll/project/mypll.hw/backup/hw_ila_data_1.ila. Use Tcl command 'read_hw_ila_data' or Vivado File->Import->Import ILA Data menu item to import the previously saved data.
run_hw_ila [get_hw_ilas -of_objects [get_hw_devices xc7a35t_0] -filter {CELL_NAME=~"u_ila"}]
INFO: [Labtools 27-1964] The ILA core 'hw_ila_1' trigger was armed at 2026-May-20 11:49:15
wait_on_hw_ila [get_hw_ilas -of_objects [get_hw_devices xc7a35t_0] -filter {CELL_NAME=~"u_ila"}]
display_hw_ila_data [upload_hw_ila_data [get_hw_ilas -of_objects [get_hw_devices xc7a35t_0] -filter {CELL_NAME=~"u_ila"}]]
INFO: [Labtools 27-1966] The ILA core 'hw_ila_1' triggered at 2026-May-20 11:49:15
INFO: [Labtools 27-3304] ILA Waveform data saved to file C:/Users/qipif/Desktop/FPGAProject/01_Preference/08_mypll/project/mypll.hw/backup/hw_ila_data_1.ila. Use Tcl command 'read_hw_ila_data' or Vivado File->Import->Import ILA Data menu item to import the previously saved data.
run_hw_ila [get_hw_ilas -of_objects [get_hw_devices xc7a35t_0] -filter {CELL_NAME=~"u_ila"}]
INFO: [Labtools 27-1964] The ILA core 'hw_ila_1' trigger was armed at 2026-May-20 11:49:18
wait_on_hw_ila [get_hw_ilas -of_objects [get_hw_devices xc7a35t_0] -filter {CELL_NAME=~"u_ila"}]
display_hw_ila_data [upload_hw_ila_data [get_hw_ilas -of_objects [get_hw_devices xc7a35t_0] -filter {CELL_NAME=~"u_ila"}]]
INFO: [Labtools 27-1966] The ILA core 'hw_ila_1' triggered at 2026-May-20 11:49:18
INFO: [Labtools 27-3304] ILA Waveform data saved to file C:/Users/qipif/Desktop/FPGAProject/01_Preference/08_mypll/project/mypll.hw/backup/hw_ila_data_1.ila. Use Tcl command 'read_hw_ila_data' or Vivado File->Import->Import ILA Data menu item to import the previously saved data.
run_hw_ila [get_hw_ilas -of_objects [get_hw_devices xc7a35t_0] -filter {CELL_NAME=~"u_ila"}]
INFO: [Labtools 27-1964] The ILA core 'hw_ila_1' trigger was armed at 2026-May-20 11:49:21
wait_on_hw_ila [get_hw_ilas -of_objects [get_hw_devices xc7a35t_0] -filter {CELL_NAME=~"u_ila"}]
display_hw_ila_data [upload_hw_ila_data [get_hw_ilas -of_objects [get_hw_devices xc7a35t_0] -filter {CELL_NAME=~"u_ila"}]]
INFO: [Labtools 27-1966] The ILA core 'hw_ila_1' triggered at 2026-May-20 11:49:21
INFO: [Labtools 27-3304] ILA Waveform data saved to file C:/Users/qipif/Desktop/FPGAProject/01_Preference/08_mypll/project/mypll.hw/backup/hw_ila_data_1.ila. Use Tcl command 'read_hw_ila_data' or Vivado File->Import->Import ILA Data menu item to import the previously saved data.
run_hw_ila [get_hw_ilas -of_objects [get_hw_devices xc7a35t_0] -filter {CELL_NAME=~"u_ila"}]
INFO: [Labtools 27-1964] The ILA core 'hw_ila_1' trigger was armed at 2026-May-20 11:49:25
wait_on_hw_ila [get_hw_ilas -of_objects [get_hw_devices xc7a35t_0] -filter {CELL_NAME=~"u_ila"}]
display_hw_ila_data [upload_hw_ila_data [get_hw_ilas -of_objects [get_hw_devices xc7a35t_0] -filter {CELL_NAME=~"u_ila"}]]
INFO: [Labtools 27-1966] The ILA core 'hw_ila_1' triggered at 2026-May-20 11:49:25
INFO: [Labtools 27-3304] ILA Waveform data saved to file C:/Users/qipif/Desktop/FPGAProject/01_Preference/08_mypll/project/mypll.hw/backup/hw_ila_data_1.ila. Use Tcl command 'read_hw_ila_data' or Vivado File->Import->Import ILA Data menu item to import the previously saved data.
run_hw_ila [get_hw_ilas -of_objects [get_hw_devices xc7a35t_0] -filter {CELL_NAME=~"u_ila"}]
INFO: [Labtools 27-1964] The ILA core 'hw_ila_1' trigger was armed at 2026-May-20 11:49:28
wait_on_hw_ila [get_hw_ilas -of_objects [get_hw_devices xc7a35t_0] -filter {CELL_NAME=~"u_ila"}]
display_hw_ila_data [upload_hw_ila_data [get_hw_ilas -of_objects [get_hw_devices xc7a35t_0] -filter {CELL_NAME=~"u_ila"}]]
INFO: [Labtools 27-1966] The ILA core 'hw_ila_1' triggered at 2026-May-20 11:49:28
INFO: [Labtools 27-3304] ILA Waveform data saved to file C:/Users/qipif/Desktop/FPGAProject/01_Preference/08_mypll/project/mypll.hw/backup/hw_ila_data_1.ila. Use Tcl command 'read_hw_ila_data' or Vivado File->Import->Import ILA Data menu item to import the previously saved data.
run_hw_ila [get_hw_ilas -of_objects [get_hw_devices xc7a35t_0] -filter {CELL_NAME=~"u_ila"}]
INFO: [Labtools 27-1964] The ILA core 'hw_ila_1' trigger was armed at 2026-May-20 11:49:31
wait_on_hw_ila [get_hw_ilas -of_objects [get_hw_devices xc7a35t_0] -filter {CELL_NAME=~"u_ila"}]
display_hw_ila_data [upload_hw_ila_data [get_hw_ilas -of_objects [get_hw_devices xc7a35t_0] -filter {CELL_NAME=~"u_ila"}]]
INFO: [Labtools 27-1966] The ILA core 'hw_ila_1' triggered at 2026-May-20 11:49:31
INFO: [Labtools 27-3304] ILA Waveform data saved to file C:/Users/qipif/Desktop/FPGAProject/01_Preference/08_mypll/project/mypll.hw/backup/hw_ila_data_1.ila. Use Tcl command 'read_hw_ila_data' or Vivado File->Import->Import ILA Data menu item to import the previously saved data.
run_hw_ila [get_hw_ilas -of_objects [get_hw_devices xc7a35t_0] -filter {CELL_NAME=~"u_ila"}]
INFO: [Labtools 27-1964] The ILA core 'hw_ila_1' trigger was armed at 2026-May-20 11:49:35
wait_on_hw_ila [get_hw_ilas -of_objects [get_hw_devices xc7a35t_0] -filter {CELL_NAME=~"u_ila"}]
display_hw_ila_data [upload_hw_ila_data [get_hw_ilas -of_objects [get_hw_devices xc7a35t_0] -filter {CELL_NAME=~"u_ila"}]]
INFO: [Labtools 27-1966] The ILA core 'hw_ila_1' triggered at 2026-May-20 11:49:35
INFO: [Labtools 27-3304] ILA Waveform data saved to file C:/Users/qipif/Desktop/FPGAProject/01_Preference/08_mypll/project/mypll.hw/backup/hw_ila_data_1.ila. Use Tcl command 'read_hw_ila_data' or Vivado File->Import->Import ILA Data menu item to import the previously saved data.
run_hw_ila [get_hw_ilas -of_objects [get_hw_devices xc7a35t_0] -filter {CELL_NAME=~"u_ila"}]
INFO: [Labtools 27-1964] The ILA core 'hw_ila_1' trigger was armed at 2026-May-20 11:49:38
wait_on_hw_ila [get_hw_ilas -of_objects [get_hw_devices xc7a35t_0] -filter {CELL_NAME=~"u_ila"}]
display_hw_ila_data [upload_hw_ila_data [get_hw_ilas -of_objects [get_hw_devices xc7a35t_0] -filter {CELL_NAME=~"u_ila"}]]
INFO: [Labtools 27-1966] The ILA core 'hw_ila_1' triggered at 2026-May-20 11:49:38
INFO: [Labtools 27-3304] ILA Waveform data saved to file C:/Users/qipif/Desktop/FPGAProject/01_Preference/08_mypll/project/mypll.hw/backup/hw_ila_data_1.ila. Use Tcl command 'read_hw_ila_data' or Vivado File->Import->Import ILA Data menu item to import the previously saved data.
run_hw_ila [get_hw_ilas -of_objects [get_hw_devices xc7a35t_0] -filter {CELL_NAME=~"u_ila"}]
INFO: [Labtools 27-1964] The ILA core 'hw_ila_1' trigger was armed at 2026-May-20 11:49:42
wait_on_hw_ila [get_hw_ilas -of_objects [get_hw_devices xc7a35t_0] -filter {CELL_NAME=~"u_ila"}]
display_hw_ila_data [upload_hw_ila_data [get_hw_ilas -of_objects [get_hw_devices xc7a35t_0] -filter {CELL_NAME=~"u_ila"}]]
INFO: [Labtools 27-1966] The ILA core 'hw_ila_1' triggered at 2026-May-20 11:49:42
INFO: [Labtools 27-3304] ILA Waveform data saved to file C:/Users/qipif/Desktop/FPGAProject/01_Preference/08_mypll/project/mypll.hw/backup/hw_ila_data_1.ila. Use Tcl command 'read_hw_ila_data' or Vivado File->Import->Import ILA Data menu item to import the previously saved data.
run_hw_ila [get_hw_ilas -of_objects [get_hw_devices xc7a35t_0] -filter {CELL_NAME=~"u_ila"}]
INFO: [Labtools 27-1964] The ILA core 'hw_ila_1' trigger was armed at 2026-May-20 11:49:45
wait_on_hw_ila [get_hw_ilas -of_objects [get_hw_devices xc7a35t_0] -filter {CELL_NAME=~"u_ila"}]
display_hw_ila_data [upload_hw_ila_data [get_hw_ilas -of_objects [get_hw_devices xc7a35t_0] -filter {CELL_NAME=~"u_ila"}]]
INFO: [Labtools 27-1966] The ILA core 'hw_ila_1' triggered at 2026-May-20 11:49:45
INFO: [Labtools 27-3304] ILA Waveform data saved to file C:/Users/qipif/Desktop/FPGAProject/01_Preference/08_mypll/project/mypll.hw/backup/hw_ila_data_1.ila. Use Tcl command 'read_hw_ila_data' or Vivado File->Import->Import ILA Data menu item to import the previously saved data.
run_hw_ila [get_hw_ilas -of_objects [get_hw_devices xc7a35t_0] -filter {CELL_NAME=~"u_ila"}]
INFO: [Labtools 27-1964] The ILA core 'hw_ila_1' trigger was armed at 2026-May-20 11:49:48
wait_on_hw_ila [get_hw_ilas -of_objects [get_hw_devices xc7a35t_0] -filter {CELL_NAME=~"u_ila"}]
display_hw_ila_data [upload_hw_ila_data [get_hw_ilas -of_objects [get_hw_devices xc7a35t_0] -filter {CELL_NAME=~"u_ila"}]]
INFO: [Labtools 27-1966] The ILA core 'hw_ila_1' triggered at 2026-May-20 11:49:48
INFO: [Labtools 27-3304] ILA Waveform data saved to file C:/Users/qipif/Desktop/FPGAProject/01_Preference/08_mypll/project/mypll.hw/backup/hw_ila_data_1.ila. Use Tcl command 'read_hw_ila_data' or Vivado File->Import->Import ILA Data menu item to import the previously saved data.
run_hw_ila [get_hw_ilas -of_objects [get_hw_devices xc7a35t_0] -filter {CELL_NAME=~"u_ila"}]
INFO: [Labtools 27-1964] The ILA core 'hw_ila_1' trigger was armed at 2026-May-20 11:49:52
wait_on_hw_ila [get_hw_ilas -of_objects [get_hw_devices xc7a35t_0] -filter {CELL_NAME=~"u_ila"}]
display_hw_ila_data [upload_hw_ila_data [get_hw_ilas -of_objects [get_hw_devices xc7a35t_0] -filter {CELL_NAME=~"u_ila"}]]
INFO: [Labtools 27-1966] The ILA core 'hw_ila_1' triggered at 2026-May-20 11:49:52
INFO: [Labtools 27-3304] ILA Waveform data saved to file C:/Users/qipif/Desktop/FPGAProject/01_Preference/08_mypll/project/mypll.hw/backup/hw_ila_data_1.ila. Use Tcl command 'read_hw_ila_data' or Vivado File->Import->Import ILA Data menu item to import the previously saved data.
run_hw_ila [get_hw_ilas -of_objects [get_hw_devices xc7a35t_0] -filter {CELL_NAME=~"u_ila"}]
INFO: [Labtools 27-1964] The ILA core 'hw_ila_1' trigger was armed at 2026-May-20 11:49:55
wait_on_hw_ila [get_hw_ilas -of_objects [get_hw_devices xc7a35t_0] -filter {CELL_NAME=~"u_ila"}]
display_hw_ila_data [upload_hw_ila_data [get_hw_ilas -of_objects [get_hw_devices xc7a35t_0] -filter {CELL_NAME=~"u_ila"}]]
INFO: [Labtools 27-1966] The ILA core 'hw_ila_1' triggered at 2026-May-20 11:49:55
INFO: [Labtools 27-3304] ILA Waveform data saved to file C:/Users/qipif/Desktop/FPGAProject/01_Preference/08_mypll/project/mypll.hw/backup/hw_ila_data_1.ila. Use Tcl command 'read_hw_ila_data' or Vivado File->Import->Import ILA Data menu item to import the previously saved data.
run_hw_ila [get_hw_ilas -of_objects [get_hw_devices xc7a35t_0] -filter {CELL_NAME=~"u_ila"}]
INFO: [Labtools 27-1964] The ILA core 'hw_ila_1' trigger was armed at 2026-May-20 11:49:59
wait_on_hw_ila [get_hw_ilas -of_objects [get_hw_devices xc7a35t_0] -filter {CELL_NAME=~"u_ila"}]
display_hw_ila_data [upload_hw_ila_data [get_hw_ilas -of_objects [get_hw_devices xc7a35t_0] -filter {CELL_NAME=~"u_ila"}]]
INFO: [Labtools 27-1966] The ILA core 'hw_ila_1' triggered at 2026-May-20 11:49:59
INFO: [Labtools 27-3304] ILA Waveform data saved to file C:/Users/qipif/Desktop/FPGAProject/01_Preference/08_mypll/project/mypll.hw/backup/hw_ila_data_1.ila. Use Tcl command 'read_hw_ila_data' or Vivado File->Import->Import ILA Data menu item to import the previously saved data.
run_hw_ila [get_hw_ilas -of_objects [get_hw_devices xc7a35t_0] -filter {CELL_NAME=~"u_ila"}]
INFO: [Labtools 27-1964] The ILA core 'hw_ila_1' trigger was armed at 2026-May-20 11:50:02
wait_on_hw_ila [get_hw_ilas -of_objects [get_hw_devices xc7a35t_0] -filter {CELL_NAME=~"u_ila"}]
display_hw_ila_data [upload_hw_ila_data [get_hw_ilas -of_objects [get_hw_devices xc7a35t_0] -filter {CELL_NAME=~"u_ila"}]]
INFO: [Labtools 27-1966] The ILA core 'hw_ila_1' triggered at 2026-May-20 11:50:02
INFO: [Labtools 27-3304] ILA Waveform data saved to file C:/Users/qipif/Desktop/FPGAProject/01_Preference/08_mypll/project/mypll.hw/backup/hw_ila_data_1.ila. Use Tcl command 'read_hw_ila_data' or Vivado File->Import->Import ILA Data menu item to import the previously saved data.
run_hw_ila [get_hw_ilas -of_objects [get_hw_devices xc7a35t_0] -filter {CELL_NAME=~"u_ila"}]
INFO: [Labtools 27-1964] The ILA core 'hw_ila_1' trigger was armed at 2026-May-20 11:50:05
wait_on_hw_ila [get_hw_ilas -of_objects [get_hw_devices xc7a35t_0] -filter {CELL_NAME=~"u_ila"}]
display_hw_ila_data [upload_hw_ila_data [get_hw_ilas -of_objects [get_hw_devices xc7a35t_0] -filter {CELL_NAME=~"u_ila"}]]
INFO: [Labtools 27-1966] The ILA core 'hw_ila_1' triggered at 2026-May-20 11:50:05
INFO: [Labtools 27-3304] ILA Waveform data saved to file C:/Users/qipif/Desktop/FPGAProject/01_Preference/08_mypll/project/mypll.hw/backup/hw_ila_data_1.ila. Use Tcl command 'read_hw_ila_data' or Vivado File->Import->Import ILA Data menu item to import the previously saved data.
run_hw_ila [get_hw_ilas -of_objects [get_hw_devices xc7a35t_0] -filter {CELL_NAME=~"u_ila"}]
INFO: [Labtools 27-1964] The ILA core 'hw_ila_1' trigger was armed at 2026-May-20 11:50:09
wait_on_hw_ila [get_hw_ilas -of_objects [get_hw_devices xc7a35t_0] -filter {CELL_NAME=~"u_ila"}]
display_hw_ila_data [upload_hw_ila_data [get_hw_ilas -of_objects [get_hw_devices xc7a35t_0] -filter {CELL_NAME=~"u_ila"}]]
INFO: [Labtools 27-1966] The ILA core 'hw_ila_1' triggered at 2026-May-20 11:50:09
INFO: [Labtools 27-3304] ILA Waveform data saved to file C:/Users/qipif/Desktop/FPGAProject/01_Preference/08_mypll/project/mypll.hw/backup/hw_ila_data_1.ila. Use Tcl command 'read_hw_ila_data' or Vivado File->Import->Import ILA Data menu item to import the previously saved data.
run_hw_ila [get_hw_ilas -of_objects [get_hw_devices xc7a35t_0] -filter {CELL_NAME=~"u_ila"}]
INFO: [Labtools 27-1964] The ILA core 'hw_ila_1' trigger was armed at 2026-May-20 11:50:12
wait_on_hw_ila [get_hw_ilas -of_objects [get_hw_devices xc7a35t_0] -filter {CELL_NAME=~"u_ila"}]
display_hw_ila_data [upload_hw_ila_data [get_hw_ilas -of_objects [get_hw_devices xc7a35t_0] -filter {CELL_NAME=~"u_ila"}]]
INFO: [Labtools 27-1966] The ILA core 'hw_ila_1' triggered at 2026-May-20 11:50:12
INFO: [Labtools 27-3304] ILA Waveform data saved to file C:/Users/qipif/Desktop/FPGAProject/01_Preference/08_mypll/project/mypll.hw/backup/hw_ila_data_1.ila. Use Tcl command 'read_hw_ila_data' or Vivado File->Import->Import ILA Data menu item to import the previously saved data.
run_hw_ila [get_hw_ilas -of_objects [get_hw_devices xc7a35t_0] -filter {CELL_NAME=~"u_ila"}]
INFO: [Labtools 27-1964] The ILA core 'hw_ila_1' trigger was armed at 2026-May-20 11:50:16
wait_on_hw_ila [get_hw_ilas -of_objects [get_hw_devices xc7a35t_0] -filter {CELL_NAME=~"u_ila"}]
display_hw_ila_data [upload_hw_ila_data [get_hw_ilas -of_objects [get_hw_devices xc7a35t_0] -filter {CELL_NAME=~"u_ila"}]]
INFO: [Labtools 27-1966] The ILA core 'hw_ila_1' triggered at 2026-May-20 11:50:16
INFO: [Labtools 27-3304] ILA Waveform data saved to file C:/Users/qipif/Desktop/FPGAProject/01_Preference/08_mypll/project/mypll.hw/backup/hw_ila_data_1.ila. Use Tcl command 'read_hw_ila_data' or Vivado File->Import->Import ILA Data menu item to import the previously saved data.
run_hw_ila [get_hw_ilas -of_objects [get_hw_devices xc7a35t_0] -filter {CELL_NAME=~"u_ila"}]
INFO: [Labtools 27-1964] The ILA core 'hw_ila_1' trigger was armed at 2026-May-20 11:50:19
wait_on_hw_ila [get_hw_ilas -of_objects [get_hw_devices xc7a35t_0] -filter {CELL_NAME=~"u_ila"}]
display_hw_ila_data [upload_hw_ila_data [get_hw_ilas -of_objects [get_hw_devices xc7a35t_0] -filter {CELL_NAME=~"u_ila"}]]
INFO: [Labtools 27-1966] The ILA core 'hw_ila_1' triggered at 2026-May-20 11:50:19
INFO: [Labtools 27-3304] ILA Waveform data saved to file C:/Users/qipif/Desktop/FPGAProject/01_Preference/08_mypll/project/mypll.hw/backup/hw_ila_data_1.ila. Use Tcl command 'read_hw_ila_data' or Vivado File->Import->Import ILA Data menu item to import the previously saved data.
run_hw_ila [get_hw_ilas -of_objects [get_hw_devices xc7a35t_0] -filter {CELL_NAME=~"u_ila"}]
INFO: [Labtools 27-1964] The ILA core 'hw_ila_1' trigger was armed at 2026-May-20 11:50:23
wait_on_hw_ila [get_hw_ilas -of_objects [get_hw_devices xc7a35t_0] -filter {CELL_NAME=~"u_ila"}]
display_hw_ila_data [upload_hw_ila_data [get_hw_ilas -of_objects [get_hw_devices xc7a35t_0] -filter {CELL_NAME=~"u_ila"}]]
INFO: [Labtools 27-1966] The ILA core 'hw_ila_1' triggered at 2026-May-20 11:50:23
INFO: [Labtools 27-3304] ILA Waveform data saved to file C:/Users/qipif/Desktop/FPGAProject/01_Preference/08_mypll/project/mypll.hw/backup/hw_ila_data_1.ila. Use Tcl command 'read_hw_ila_data' or Vivado File->Import->Import ILA Data menu item to import the previously saved data.
run_hw_ila [get_hw_ilas -of_objects [get_hw_devices xc7a35t_0] -filter {CELL_NAME=~"u_ila"}]
INFO: [Labtools 27-1964] The ILA core 'hw_ila_1' trigger was armed at 2026-May-20 11:50:26
wait_on_hw_ila [get_hw_ilas -of_objects [get_hw_devices xc7a35t_0] -filter {CELL_NAME=~"u_ila"}]
display_hw_ila_data [upload_hw_ila_data [get_hw_ilas -of_objects [get_hw_devices xc7a35t_0] -filter {CELL_NAME=~"u_ila"}]]
INFO: [Labtools 27-1966] The ILA core 'hw_ila_1' triggered at 2026-May-20 11:50:26
INFO: [Labtools 27-3304] ILA Waveform data saved to file C:/Users/qipif/Desktop/FPGAProject/01_Preference/08_mypll/project/mypll.hw/backup/hw_ila_data_1.ila. Use Tcl command 'read_hw_ila_data' or Vivado File->Import->Import ILA Data menu item to import the previously saved data.
run_hw_ila [get_hw_ilas -of_objects [get_hw_devices xc7a35t_0] -filter {CELL_NAME=~"u_ila"}]
INFO: [Labtools 27-1964] The ILA core 'hw_ila_1' trigger was armed at 2026-May-20 11:50:29
wait_on_hw_ila [get_hw_ilas -of_objects [get_hw_devices xc7a35t_0] -filter {CELL_NAME=~"u_ila"}]
display_hw_ila_data [upload_hw_ila_data [get_hw_ilas -of_objects [get_hw_devices xc7a35t_0] -filter {CELL_NAME=~"u_ila"}]]
INFO: [Labtools 27-1966] The ILA core 'hw_ila_1' triggered at 2026-May-20 11:50:29
INFO: [Labtools 27-3304] ILA Waveform data saved to file C:/Users/qipif/Desktop/FPGAProject/01_Preference/08_mypll/project/mypll.hw/backup/hw_ila_data_1.ila. Use Tcl command 'read_hw_ila_data' or Vivado File->Import->Import ILA Data menu item to import the previously saved data.
run_hw_ila [get_hw_ilas -of_objects [get_hw_devices xc7a35t_0] -filter {CELL_NAME=~"u_ila"}]
INFO: [Labtools 27-1964] The ILA core 'hw_ila_1' trigger was armed at 2026-May-20 11:50:33
wait_on_hw_ila [get_hw_ilas -of_objects [get_hw_devices xc7a35t_0] -filter {CELL_NAME=~"u_ila"}]
display_hw_ila_data [upload_hw_ila_data [get_hw_ilas -of_objects [get_hw_devices xc7a35t_0] -filter {CELL_NAME=~"u_ila"}]]
INFO: [Labtools 27-1966] The ILA core 'hw_ila_1' triggered at 2026-May-20 11:50:33
INFO: [Labtools 27-3304] ILA Waveform data saved to file C:/Users/qipif/Desktop/FPGAProject/01_Preference/08_mypll/project/mypll.hw/backup/hw_ila_data_1.ila. Use Tcl command 'read_hw_ila_data' or Vivado File->Import->Import ILA Data menu item to import the previously saved data.
run_hw_ila [get_hw_ilas -of_objects [get_hw_devices xc7a35t_0] -filter {CELL_NAME=~"u_ila"}]
INFO: [Labtools 27-1964] The ILA core 'hw_ila_1' trigger was armed at 2026-May-20 11:50:36
wait_on_hw_ila [get_hw_ilas -of_objects [get_hw_devices xc7a35t_0] -filter {CELL_NAME=~"u_ila"}]
display_hw_ila_data [upload_hw_ila_data [get_hw_ilas -of_objects [get_hw_devices xc7a35t_0] -filter {CELL_NAME=~"u_ila"}]]
INFO: [Labtools 27-1966] The ILA core 'hw_ila_1' triggered at 2026-May-20 11:50:36
INFO: [Labtools 27-3304] ILA Waveform data saved to file C:/Users/qipif/Desktop/FPGAProject/01_Preference/08_mypll/project/mypll.hw/backup/hw_ila_data_1.ila. Use Tcl command 'read_hw_ila_data' or Vivado File->Import->Import ILA Data menu item to import the previously saved data.
run_hw_ila [get_hw_ilas -of_objects [get_hw_devices xc7a35t_0] -filter {CELL_NAME=~"u_ila"}]
INFO: [Labtools 27-1964] The ILA core 'hw_ila_1' trigger was armed at 2026-May-20 11:50:40
wait_on_hw_ila [get_hw_ilas -of_objects [get_hw_devices xc7a35t_0] -filter {CELL_NAME=~"u_ila"}]
display_hw_ila_data [upload_hw_ila_data [get_hw_ilas -of_objects [get_hw_devices xc7a35t_0] -filter {CELL_NAME=~"u_ila"}]]
INFO: [Labtools 27-1966] The ILA core 'hw_ila_1' triggered at 2026-May-20 11:50:40
INFO: [Labtools 27-3304] ILA Waveform data saved to file C:/Users/qipif/Desktop/FPGAProject/01_Preference/08_mypll/project/mypll.hw/backup/hw_ila_data_1.ila. Use Tcl command 'read_hw_ila_data' or Vivado File->Import->Import ILA Data menu item to import the previously saved data.
run_hw_ila [get_hw_ilas -of_objects [get_hw_devices xc7a35t_0] -filter {CELL_NAME=~"u_ila"}]
INFO: [Labtools 27-1964] The ILA core 'hw_ila_1' trigger was armed at 2026-May-20 11:50:43
wait_on_hw_ila [get_hw_ilas -of_objects [get_hw_devices xc7a35t_0] -filter {CELL_NAME=~"u_ila"}]
display_hw_ila_data [upload_hw_ila_data [get_hw_ilas -of_objects [get_hw_devices xc7a35t_0] -filter {CELL_NAME=~"u_ila"}]]
INFO: [Labtools 27-1966] The ILA core 'hw_ila_1' triggered at 2026-May-20 11:50:43
INFO: [Labtools 27-3304] ILA Waveform data saved to file C:/Users/qipif/Desktop/FPGAProject/01_Preference/08_mypll/project/mypll.hw/backup/hw_ila_data_1.ila. Use Tcl command 'read_hw_ila_data' or Vivado File->Import->Import ILA Data menu item to import the previously saved data.
run_hw_ila [get_hw_ilas -of_objects [get_hw_devices xc7a35t_0] -filter {CELL_NAME=~"u_ila"}]
INFO: [Labtools 27-1964] The ILA core 'hw_ila_1' trigger was armed at 2026-May-20 11:50:46
wait_on_hw_ila [get_hw_ilas -of_objects [get_hw_devices xc7a35t_0] -filter {CELL_NAME=~"u_ila"}]
display_hw_ila_data [upload_hw_ila_data [get_hw_ilas -of_objects [get_hw_devices xc7a35t_0] -filter {CELL_NAME=~"u_ila"}]]
INFO: [Labtools 27-1966] The ILA core 'hw_ila_1' triggered at 2026-May-20 11:50:46
INFO: [Labtools 27-3304] ILA Waveform data saved to file C:/Users/qipif/Desktop/FPGAProject/01_Preference/08_mypll/project/mypll.hw/backup/hw_ila_data_1.ila. Use Tcl command 'read_hw_ila_data' or Vivado File->Import->Import ILA Data menu item to import the previously saved data.
run_hw_ila [get_hw_ilas -of_objects [get_hw_devices xc7a35t_0] -filter {CELL_NAME=~"u_ila"}]
INFO: [Labtools 27-1964] The ILA core 'hw_ila_1' trigger was armed at 2026-May-20 11:50:50
wait_on_hw_ila [get_hw_ilas -of_objects [get_hw_devices xc7a35t_0] -filter {CELL_NAME=~"u_ila"}]
display_hw_ila_data [upload_hw_ila_data [get_hw_ilas -of_objects [get_hw_devices xc7a35t_0] -filter {CELL_NAME=~"u_ila"}]]
INFO: [Labtools 27-1966] The ILA core 'hw_ila_1' triggered at 2026-May-20 11:50:50
INFO: [Labtools 27-3304] ILA Waveform data saved to file C:/Users/qipif/Desktop/FPGAProject/01_Preference/08_mypll/project/mypll.hw/backup/hw_ila_data_1.ila. Use Tcl command 'read_hw_ila_data' or Vivado File->Import->Import ILA Data menu item to import the previously saved data.
run_hw_ila [get_hw_ilas -of_objects [get_hw_devices xc7a35t_0] -filter {CELL_NAME=~"u_ila"}]
INFO: [Labtools 27-1964] The ILA core 'hw_ila_1' trigger was armed at 2026-May-20 11:50:53
wait_on_hw_ila [get_hw_ilas -of_objects [get_hw_devices xc7a35t_0] -filter {CELL_NAME=~"u_ila"}]
display_hw_ila_data [upload_hw_ila_data [get_hw_ilas -of_objects [get_hw_devices xc7a35t_0] -filter {CELL_NAME=~"u_ila"}]]
INFO: [Labtools 27-1966] The ILA core 'hw_ila_1' triggered at 2026-May-20 11:50:53
INFO: [Labtools 27-3304] ILA Waveform data saved to file C:/Users/qipif/Desktop/FPGAProject/01_Preference/08_mypll/project/mypll.hw/backup/hw_ila_data_1.ila. Use Tcl command 'read_hw_ila_data' or Vivado File->Import->Import ILA Data menu item to import the previously saved data.
run_hw_ila [get_hw_ilas -of_objects [get_hw_devices xc7a35t_0] -filter {CELL_NAME=~"u_ila"}]
INFO: [Labtools 27-1964] The ILA core 'hw_ila_1' trigger was armed at 2026-May-20 11:50:56
wait_on_hw_ila [get_hw_ilas -of_objects [get_hw_devices xc7a35t_0] -filter {CELL_NAME=~"u_ila"}]
display_hw_ila_data [upload_hw_ila_data [get_hw_ilas -of_objects [get_hw_devices xc7a35t_0] -filter {CELL_NAME=~"u_ila"}]]
INFO: [Labtools 27-1966] The ILA core 'hw_ila_1' triggered at 2026-May-20 11:50:56
INFO: [Labtools 27-3304] ILA Waveform data saved to file C:/Users/qipif/Desktop/FPGAProject/01_Preference/08_mypll/project/mypll.hw/backup/hw_ila_data_1.ila. Use Tcl command 'read_hw_ila_data' or Vivado File->Import->Import ILA Data menu item to import the previously saved data.
run_hw_ila [get_hw_ilas -of_objects [get_hw_devices xc7a35t_0] -filter {CELL_NAME=~"u_ila"}]
INFO: [Labtools 27-1964] The ILA core 'hw_ila_1' trigger was armed at 2026-May-20 11:50:59
wait_on_hw_ila [get_hw_ilas -of_objects [get_hw_devices xc7a35t_0] -filter {CELL_NAME=~"u_ila"}]
display_hw_ila_data [upload_hw_ila_data [get_hw_ilas -of_objects [get_hw_devices xc7a35t_0] -filter {CELL_NAME=~"u_ila"}]]
INFO: [Labtools 27-1966] The ILA core 'hw_ila_1' triggered at 2026-May-20 11:50:59
INFO: [Labtools 27-3304] ILA Waveform data saved to file C:/Users/qipif/Desktop/FPGAProject/01_Preference/08_mypll/project/mypll.hw/backup/hw_ila_data_1.ila. Use Tcl command 'read_hw_ila_data' or Vivado File->Import->Import ILA Data menu item to import the previously saved data.
run_hw_ila [get_hw_ilas -of_objects [get_hw_devices xc7a35t_0] -filter {CELL_NAME=~"u_ila"}]
INFO: [Labtools 27-1964] The ILA core 'hw_ila_1' trigger was armed at 2026-May-20 11:51:03
wait_on_hw_ila [get_hw_ilas -of_objects [get_hw_devices xc7a35t_0] -filter {CELL_NAME=~"u_ila"}]
display_hw_ila_data [upload_hw_ila_data [get_hw_ilas -of_objects [get_hw_devices xc7a35t_0] -filter {CELL_NAME=~"u_ila"}]]
INFO: [Labtools 27-1966] The ILA core 'hw_ila_1' triggered at 2026-May-20 11:51:03
INFO: [Labtools 27-3304] ILA Waveform data saved to file C:/Users/qipif/Desktop/FPGAProject/01_Preference/08_mypll/project/mypll.hw/backup/hw_ila_data_1.ila. Use Tcl command 'read_hw_ila_data' or Vivado File->Import->Import ILA Data menu item to import the previously saved data.
run_hw_ila [get_hw_ilas -of_objects [get_hw_devices xc7a35t_0] -filter {CELL_NAME=~"u_ila"}]
INFO: [Labtools 27-1964] The ILA core 'hw_ila_1' trigger was armed at 2026-May-20 11:51:06
wait_on_hw_ila [get_hw_ilas -of_objects [get_hw_devices xc7a35t_0] -filter {CELL_NAME=~"u_ila"}]
display_hw_ila_data [upload_hw_ila_data [get_hw_ilas -of_objects [get_hw_devices xc7a35t_0] -filter {CELL_NAME=~"u_ila"}]]
INFO: [Labtools 27-1966] The ILA core 'hw_ila_1' triggered at 2026-May-20 11:51:06
INFO: [Labtools 27-3304] ILA Waveform data saved to file C:/Users/qipif/Desktop/FPGAProject/01_Preference/08_mypll/project/mypll.hw/backup/hw_ila_data_1.ila. Use Tcl command 'read_hw_ila_data' or Vivado File->Import->Import ILA Data menu item to import the previously saved data.
run_hw_ila [get_hw_ilas -of_objects [get_hw_devices xc7a35t_0] -filter {CELL_NAME=~"u_ila"}]
INFO: [Labtools 27-1964] The ILA core 'hw_ila_1' trigger was armed at 2026-May-20 11:51:10
wait_on_hw_ila [get_hw_ilas -of_objects [get_hw_devices xc7a35t_0] -filter {CELL_NAME=~"u_ila"}]
display_hw_ila_data [upload_hw_ila_data [get_hw_ilas -of_objects [get_hw_devices xc7a35t_0] -filter {CELL_NAME=~"u_ila"}]]
INFO: [Labtools 27-1966] The ILA core 'hw_ila_1' triggered at 2026-May-20 11:51:10
INFO: [Labtools 27-3304] ILA Waveform data saved to file C:/Users/qipif/Desktop/FPGAProject/01_Preference/08_mypll/project/mypll.hw/backup/hw_ila_data_1.ila. Use Tcl command 'read_hw_ila_data' or Vivado File->Import->Import ILA Data menu item to import the previously saved data.
run_hw_ila [get_hw_ilas -of_objects [get_hw_devices xc7a35t_0] -filter {CELL_NAME=~"u_ila"}]
INFO: [Labtools 27-1964] The ILA core 'hw_ila_1' trigger was armed at 2026-May-20 11:51:13
wait_on_hw_ila [get_hw_ilas -of_objects [get_hw_devices xc7a35t_0] -filter {CELL_NAME=~"u_ila"}]
display_hw_ila_data [upload_hw_ila_data [get_hw_ilas -of_objects [get_hw_devices xc7a35t_0] -filter {CELL_NAME=~"u_ila"}]]
INFO: [Labtools 27-1966] The ILA core 'hw_ila_1' triggered at 2026-May-20 11:51:13
INFO: [Labtools 27-3304] ILA Waveform data saved to file C:/Users/qipif/Desktop/FPGAProject/01_Preference/08_mypll/project/mypll.hw/backup/hw_ila_data_1.ila. Use Tcl command 'read_hw_ila_data' or Vivado File->Import->Import ILA Data menu item to import the previously saved data.
run_hw_ila [get_hw_ilas -of_objects [get_hw_devices xc7a35t_0] -filter {CELL_NAME=~"u_ila"}]
INFO: [Labtools 27-1964] The ILA core 'hw_ila_1' trigger was armed at 2026-May-20 11:51:16
wait_on_hw_ila [get_hw_ilas -of_objects [get_hw_devices xc7a35t_0] -filter {CELL_NAME=~"u_ila"}]
display_hw_ila_data [upload_hw_ila_data [get_hw_ilas -of_objects [get_hw_devices xc7a35t_0] -filter {CELL_NAME=~"u_ila"}]]
INFO: [Labtools 27-1966] The ILA core 'hw_ila_1' triggered at 2026-May-20 11:51:16
INFO: [Labtools 27-3304] ILA Waveform data saved to file C:/Users/qipif/Desktop/FPGAProject/01_Preference/08_mypll/project/mypll.hw/backup/hw_ila_data_1.ila. Use Tcl command 'read_hw_ila_data' or Vivado File->Import->Import ILA Data menu item to import the previously saved data.
run_hw_ila [get_hw_ilas -of_objects [get_hw_devices xc7a35t_0] -filter {CELL_NAME=~"u_ila"}]
INFO: [Labtools 27-1964] The ILA core 'hw_ila_1' trigger was armed at 2026-May-20 11:51:20
wait_on_hw_ila [get_hw_ilas -of_objects [get_hw_devices xc7a35t_0] -filter {CELL_NAME=~"u_ila"}]
display_hw_ila_data [upload_hw_ila_data [get_hw_ilas -of_objects [get_hw_devices xc7a35t_0] -filter {CELL_NAME=~"u_ila"}]]
INFO: [Labtools 27-1966] The ILA core 'hw_ila_1' triggered at 2026-May-20 11:51:20
INFO: [Labtools 27-3304] ILA Waveform data saved to file C:/Users/qipif/Desktop/FPGAProject/01_Preference/08_mypll/project/mypll.hw/backup/hw_ila_data_1.ila. Use Tcl command 'read_hw_ila_data' or Vivado File->Import->Import ILA Data menu item to import the previously saved data.
run_hw_ila [get_hw_ilas -of_objects [get_hw_devices xc7a35t_0] -filter {CELL_NAME=~"u_ila"}]
INFO: [Labtools 27-1964] The ILA core 'hw_ila_1' trigger was armed at 2026-May-20 11:51:23
wait_on_hw_ila [get_hw_ilas -of_objects [get_hw_devices xc7a35t_0] -filter {CELL_NAME=~"u_ila"}]
display_hw_ila_data [upload_hw_ila_data [get_hw_ilas -of_objects [get_hw_devices xc7a35t_0] -filter {CELL_NAME=~"u_ila"}]]
INFO: [Labtools 27-1966] The ILA core 'hw_ila_1' triggered at 2026-May-20 11:51:23
INFO: [Labtools 27-3304] ILA Waveform data saved to file C:/Users/qipif/Desktop/FPGAProject/01_Preference/08_mypll/project/mypll.hw/backup/hw_ila_data_1.ila. Use Tcl command 'read_hw_ila_data' or Vivado File->Import->Import ILA Data menu item to import the previously saved data.
run_hw_ila [get_hw_ilas -of_objects [get_hw_devices xc7a35t_0] -filter {CELL_NAME=~"u_ila"}]
INFO: [Labtools 27-1964] The ILA core 'hw_ila_1' trigger was armed at 2026-May-20 11:51:27
wait_on_hw_ila [get_hw_ilas -of_objects [get_hw_devices xc7a35t_0] -filter {CELL_NAME=~"u_ila"}]
display_hw_ila_data [upload_hw_ila_data [get_hw_ilas -of_objects [get_hw_devices xc7a35t_0] -filter {CELL_NAME=~"u_ila"}]]
INFO: [Labtools 27-1966] The ILA core 'hw_ila_1' triggered at 2026-May-20 11:51:27
INFO: [Labtools 27-3304] ILA Waveform data saved to file C:/Users/qipif/Desktop/FPGAProject/01_Preference/08_mypll/project/mypll.hw/backup/hw_ila_data_1.ila. Use Tcl command 'read_hw_ila_data' or Vivado File->Import->Import ILA Data menu item to import the previously saved data.
run_hw_ila [get_hw_ilas -of_objects [get_hw_devices xc7a35t_0] -filter {CELL_NAME=~"u_ila"}]
INFO: [Labtools 27-1964] The ILA core 'hw_ila_1' trigger was armed at 2026-May-20 11:51:30
wait_on_hw_ila [get_hw_ilas -of_objects [get_hw_devices xc7a35t_0] -filter {CELL_NAME=~"u_ila"}]
display_hw_ila_data [upload_hw_ila_data [get_hw_ilas -of_objects [get_hw_devices xc7a35t_0] -filter {CELL_NAME=~"u_ila"}]]
INFO: [Labtools 27-1966] The ILA core 'hw_ila_1' triggered at 2026-May-20 11:51:30
INFO: [Labtools 27-3304] ILA Waveform data saved to file C:/Users/qipif/Desktop/FPGAProject/01_Preference/08_mypll/project/mypll.hw/backup/hw_ila_data_1.ila. Use Tcl command 'read_hw_ila_data' or Vivado File->Import->Import ILA Data menu item to import the previously saved data.
run_hw_ila [get_hw_ilas -of_objects [get_hw_devices xc7a35t_0] -filter {CELL_NAME=~"u_ila"}]
INFO: [Labtools 27-1964] The ILA core 'hw_ila_1' trigger was armed at 2026-May-20 11:51:33
wait_on_hw_ila [get_hw_ilas -of_objects [get_hw_devices xc7a35t_0] -filter {CELL_NAME=~"u_ila"}]
display_hw_ila_data [upload_hw_ila_data [get_hw_ilas -of_objects [get_hw_devices xc7a35t_0] -filter {CELL_NAME=~"u_ila"}]]
INFO: [Labtools 27-1966] The ILA core 'hw_ila_1' triggered at 2026-May-20 11:51:33
INFO: [Labtools 27-3304] ILA Waveform data saved to file C:/Users/qipif/Desktop/FPGAProject/01_Preference/08_mypll/project/mypll.hw/backup/hw_ila_data_1.ila. Use Tcl command 'read_hw_ila_data' or Vivado File->Import->Import ILA Data menu item to import the previously saved data.
run_hw_ila [get_hw_ilas -of_objects [get_hw_devices xc7a35t_0] -filter {CELL_NAME=~"u_ila"}]
INFO: [Labtools 27-1964] The ILA core 'hw_ila_1' trigger was armed at 2026-May-20 11:51:37
wait_on_hw_ila [get_hw_ilas -of_objects [get_hw_devices xc7a35t_0] -filter {CELL_NAME=~"u_ila"}]
display_hw_ila_data [upload_hw_ila_data [get_hw_ilas -of_objects [get_hw_devices xc7a35t_0] -filter {CELL_NAME=~"u_ila"}]]
INFO: [Labtools 27-1966] The ILA core 'hw_ila_1' triggered at 2026-May-20 11:51:37
INFO: [Labtools 27-3304] ILA Waveform data saved to file C:/Users/qipif/Desktop/FPGAProject/01_Preference/08_mypll/project/mypll.hw/backup/hw_ila_data_1.ila. Use Tcl command 'read_hw_ila_data' or Vivado File->Import->Import ILA Data menu item to import the previously saved data.
run_hw_ila [get_hw_ilas -of_objects [get_hw_devices xc7a35t_0] -filter {CELL_NAME=~"u_ila"}]
INFO: [Labtools 27-1964] The ILA core 'hw_ila_1' trigger was armed at 2026-May-20 11:51:40
wait_on_hw_ila [get_hw_ilas -of_objects [get_hw_devices xc7a35t_0] -filter {CELL_NAME=~"u_ila"}]
display_hw_ila_data [upload_hw_ila_data [get_hw_ilas -of_objects [get_hw_devices xc7a35t_0] -filter {CELL_NAME=~"u_ila"}]]
INFO: [Labtools 27-1966] The ILA core 'hw_ila_1' triggered at 2026-May-20 11:51:40
INFO: [Labtools 27-3304] ILA Waveform data saved to file C:/Users/qipif/Desktop/FPGAProject/01_Preference/08_mypll/project/mypll.hw/backup/hw_ila_data_1.ila. Use Tcl command 'read_hw_ila_data' or Vivado File->Import->Import ILA Data menu item to import the previously saved data.
run_hw_ila [get_hw_ilas -of_objects [get_hw_devices xc7a35t_0] -filter {CELL_NAME=~"u_ila"}]
INFO: [Labtools 27-1964] The ILA core 'hw_ila_1' trigger was armed at 2026-May-20 11:51:44
wait_on_hw_ila [get_hw_ilas -of_objects [get_hw_devices xc7a35t_0] -filter {CELL_NAME=~"u_ila"}]
display_hw_ila_data [upload_hw_ila_data [get_hw_ilas -of_objects [get_hw_devices xc7a35t_0] -filter {CELL_NAME=~"u_ila"}]]
INFO: [Labtools 27-1966] The ILA core 'hw_ila_1' triggered at 2026-May-20 11:51:44
INFO: [Labtools 27-3304] ILA Waveform data saved to file C:/Users/qipif/Desktop/FPGAProject/01_Preference/08_mypll/project/mypll.hw/backup/hw_ila_data_1.ila. Use Tcl command 'read_hw_ila_data' or Vivado File->Import->Import ILA Data menu item to import the previously saved data.
run_hw_ila [get_hw_ilas -of_objects [get_hw_devices xc7a35t_0] -filter {CELL_NAME=~"u_ila"}]
INFO: [Labtools 27-1964] The ILA core 'hw_ila_1' trigger was armed at 2026-May-20 11:51:47
wait_on_hw_ila [get_hw_ilas -of_objects [get_hw_devices xc7a35t_0] -filter {CELL_NAME=~"u_ila"}]
display_hw_ila_data [upload_hw_ila_data [get_hw_ilas -of_objects [get_hw_devices xc7a35t_0] -filter {CELL_NAME=~"u_ila"}]]
INFO: [Labtools 27-1966] The ILA core 'hw_ila_1' triggered at 2026-May-20 11:51:47
INFO: [Labtools 27-3304] ILA Waveform data saved to file C:/Users/qipif/Desktop/FPGAProject/01_Preference/08_mypll/project/mypll.hw/backup/hw_ila_data_1.ila. Use Tcl command 'read_hw_ila_data' or Vivado File->Import->Import ILA Data menu item to import the previously saved data.
run_hw_ila [get_hw_ilas -of_objects [get_hw_devices xc7a35t_0] -filter {CELL_NAME=~"u_ila"}]
INFO: [Labtools 27-1964] The ILA core 'hw_ila_1' trigger was armed at 2026-May-20 11:51:50
wait_on_hw_ila [get_hw_ilas -of_objects [get_hw_devices xc7a35t_0] -filter {CELL_NAME=~"u_ila"}]
display_hw_ila_data [upload_hw_ila_data [get_hw_ilas -of_objects [get_hw_devices xc7a35t_0] -filter {CELL_NAME=~"u_ila"}]]
INFO: [Labtools 27-1966] The ILA core 'hw_ila_1' triggered at 2026-May-20 11:51:50
INFO: [Labtools 27-3304] ILA Waveform data saved to file C:/Users/qipif/Desktop/FPGAProject/01_Preference/08_mypll/project/mypll.hw/backup/hw_ila_data_1.ila. Use Tcl command 'read_hw_ila_data' or Vivado File->Import->Import ILA Data menu item to import the previously saved data.
run_hw_ila [get_hw_ilas -of_objects [get_hw_devices xc7a35t_0] -filter {CELL_NAME=~"u_ila"}]
INFO: [Labtools 27-1964] The ILA core 'hw_ila_1' trigger was armed at 2026-May-20 11:51:54
wait_on_hw_ila [get_hw_ilas -of_objects [get_hw_devices xc7a35t_0] -filter {CELL_NAME=~"u_ila"}]
display_hw_ila_data [upload_hw_ila_data [get_hw_ilas -of_objects [get_hw_devices xc7a35t_0] -filter {CELL_NAME=~"u_ila"}]]
INFO: [Labtools 27-1966] The ILA core 'hw_ila_1' triggered at 2026-May-20 11:51:54
INFO: [Labtools 27-3304] ILA Waveform data saved to file C:/Users/qipif/Desktop/FPGAProject/01_Preference/08_mypll/project/mypll.hw/backup/hw_ila_data_1.ila. Use Tcl command 'read_hw_ila_data' or Vivado File->Import->Import ILA Data menu item to import the previously saved data.
run_hw_ila [get_hw_ilas -of_objects [get_hw_devices xc7a35t_0] -filter {CELL_NAME=~"u_ila"}]
INFO: [Labtools 27-1964] The ILA core 'hw_ila_1' trigger was armed at 2026-May-20 11:51:57
wait_on_hw_ila [get_hw_ilas -of_objects [get_hw_devices xc7a35t_0] -filter {CELL_NAME=~"u_ila"}]
display_hw_ila_data [upload_hw_ila_data [get_hw_ilas -of_objects [get_hw_devices xc7a35t_0] -filter {CELL_NAME=~"u_ila"}]]
INFO: [Labtools 27-1966] The ILA core 'hw_ila_1' triggered at 2026-May-20 11:51:57
INFO: [Labtools 27-3304] ILA Waveform data saved to file C:/Users/qipif/Desktop/FPGAProject/01_Preference/08_mypll/project/mypll.hw/backup/hw_ila_data_1.ila. Use Tcl command 'read_hw_ila_data' or Vivado File->Import->Import ILA Data menu item to import the previously saved data.
run_hw_ila [get_hw_ilas -of_objects [get_hw_devices xc7a35t_0] -filter {CELL_NAME=~"u_ila"}]
INFO: [Labtools 27-1964] The ILA core 'hw_ila_1' trigger was armed at 2026-May-20 11:52:00
wait_on_hw_ila [get_hw_ilas -of_objects [get_hw_devices xc7a35t_0] -filter {CELL_NAME=~"u_ila"}]
display_hw_ila_data [upload_hw_ila_data [get_hw_ilas -of_objects [get_hw_devices xc7a35t_0] -filter {CELL_NAME=~"u_ila"}]]
INFO: [Labtools 27-1966] The ILA core 'hw_ila_1' triggered at 2026-May-20 11:52:00
INFO: [Labtools 27-3304] ILA Waveform data saved to file C:/Users/qipif/Desktop/FPGAProject/01_Preference/08_mypll/project/mypll.hw/backup/hw_ila_data_1.ila. Use Tcl command 'read_hw_ila_data' or Vivado File->Import->Import ILA Data menu item to import the previously saved data.
run_hw_ila [get_hw_ilas -of_objects [get_hw_devices xc7a35t_0] -filter {CELL_NAME=~"u_ila"}]
INFO: [Labtools 27-1964] The ILA core 'hw_ila_1' trigger was armed at 2026-May-20 11:52:04
wait_on_hw_ila [get_hw_ilas -of_objects [get_hw_devices xc7a35t_0] -filter {CELL_NAME=~"u_ila"}]
display_hw_ila_data [upload_hw_ila_data [get_hw_ilas -of_objects [get_hw_devices xc7a35t_0] -filter {CELL_NAME=~"u_ila"}]]
INFO: [Labtools 27-1966] The ILA core 'hw_ila_1' triggered at 2026-May-20 11:52:04
INFO: [Labtools 27-3304] ILA Waveform data saved to file C:/Users/qipif/Desktop/FPGAProject/01_Preference/08_mypll/project/mypll.hw/backup/hw_ila_data_1.ila. Use Tcl command 'read_hw_ila_data' or Vivado File->Import->Import ILA Data menu item to import the previously saved data.
run_hw_ila [get_hw_ilas -of_objects [get_hw_devices xc7a35t_0] -filter {CELL_NAME=~"u_ila"}]
INFO: [Labtools 27-1964] The ILA core 'hw_ila_1' trigger was armed at 2026-May-20 11:52:07
wait_on_hw_ila [get_hw_ilas -of_objects [get_hw_devices xc7a35t_0] -filter {CELL_NAME=~"u_ila"}]
display_hw_ila_data [upload_hw_ila_data [get_hw_ilas -of_objects [get_hw_devices xc7a35t_0] -filter {CELL_NAME=~"u_ila"}]]
INFO: [Labtools 27-1966] The ILA core 'hw_ila_1' triggered at 2026-May-20 11:52:07
INFO: [Labtools 27-3304] ILA Waveform data saved to file C:/Users/qipif/Desktop/FPGAProject/01_Preference/08_mypll/project/mypll.hw/backup/hw_ila_data_1.ila. Use Tcl command 'read_hw_ila_data' or Vivado File->Import->Import ILA Data menu item to import the previously saved data.
run_hw_ila [get_hw_ilas -of_objects [get_hw_devices xc7a35t_0] -filter {CELL_NAME=~"u_ila"}]
INFO: [Labtools 27-1964] The ILA core 'hw_ila_1' trigger was armed at 2026-May-20 11:52:11
wait_on_hw_ila [get_hw_ilas -of_objects [get_hw_devices xc7a35t_0] -filter {CELL_NAME=~"u_ila"}]
display_hw_ila_data [upload_hw_ila_data [get_hw_ilas -of_objects [get_hw_devices xc7a35t_0] -filter {CELL_NAME=~"u_ila"}]]
INFO: [Labtools 27-1966] The ILA core 'hw_ila_1' triggered at 2026-May-20 11:52:11
INFO: [Labtools 27-3304] ILA Waveform data saved to file C:/Users/qipif/Desktop/FPGAProject/01_Preference/08_mypll/project/mypll.hw/backup/hw_ila_data_1.ila. Use Tcl command 'read_hw_ila_data' or Vivado File->Import->Import ILA Data menu item to import the previously saved data.
run_hw_ila [get_hw_ilas -of_objects [get_hw_devices xc7a35t_0] -filter {CELL_NAME=~"u_ila"}]
INFO: [Labtools 27-1964] The ILA core 'hw_ila_1' trigger was armed at 2026-May-20 11:52:14
wait_on_hw_ila [get_hw_ilas -of_objects [get_hw_devices xc7a35t_0] -filter {CELL_NAME=~"u_ila"}]
display_hw_ila_data [upload_hw_ila_data [get_hw_ilas -of_objects [get_hw_devices xc7a35t_0] -filter {CELL_NAME=~"u_ila"}]]
INFO: [Labtools 27-1966] The ILA core 'hw_ila_1' triggered at 2026-May-20 11:52:14
INFO: [Labtools 27-3304] ILA Waveform data saved to file C:/Users/qipif/Desktop/FPGAProject/01_Preference/08_mypll/project/mypll.hw/backup/hw_ila_data_1.ila. Use Tcl command 'read_hw_ila_data' or Vivado File->Import->Import ILA Data menu item to import the previously saved data.
run_hw_ila [get_hw_ilas -of_objects [get_hw_devices xc7a35t_0] -filter {CELL_NAME=~"u_ila"}]
INFO: [Labtools 27-1964] The ILA core 'hw_ila_1' trigger was armed at 2026-May-20 11:52:17
wait_on_hw_ila [get_hw_ilas -of_objects [get_hw_devices xc7a35t_0] -filter {CELL_NAME=~"u_ila"}]
display_hw_ila_data [upload_hw_ila_data [get_hw_ilas -of_objects [get_hw_devices xc7a35t_0] -filter {CELL_NAME=~"u_ila"}]]
INFO: [Labtools 27-1966] The ILA core 'hw_ila_1' triggered at 2026-May-20 11:52:17
INFO: [Labtools 27-3304] ILA Waveform data saved to file C:/Users/qipif/Desktop/FPGAProject/01_Preference/08_mypll/project/mypll.hw/backup/hw_ila_data_1.ila. Use Tcl command 'read_hw_ila_data' or Vivado File->Import->Import ILA Data menu item to import the previously saved data.
run_hw_ila [get_hw_ilas -of_objects [get_hw_devices xc7a35t_0] -filter {CELL_NAME=~"u_ila"}]
INFO: [Labtools 27-1964] The ILA core 'hw_ila_1' trigger was armed at 2026-May-20 11:52:21
wait_on_hw_ila [get_hw_ilas -of_objects [get_hw_devices xc7a35t_0] -filter {CELL_NAME=~"u_ila"}]
display_hw_ila_data [upload_hw_ila_data [get_hw_ilas -of_objects [get_hw_devices xc7a35t_0] -filter {CELL_NAME=~"u_ila"}]]
INFO: [Labtools 27-1966] The ILA core 'hw_ila_1' triggered at 2026-May-20 11:52:21
INFO: [Labtools 27-3304] ILA Waveform data saved to file C:/Users/qipif/Desktop/FPGAProject/01_Preference/08_mypll/project/mypll.hw/backup/hw_ila_data_1.ila. Use Tcl command 'read_hw_ila_data' or Vivado File->Import->Import ILA Data menu item to import the previously saved data.
run_hw_ila [get_hw_ilas -of_objects [get_hw_devices xc7a35t_0] -filter {CELL_NAME=~"u_ila"}]
INFO: [Labtools 27-1964] The ILA core 'hw_ila_1' trigger was armed at 2026-May-20 11:52:24
wait_on_hw_ila [get_hw_ilas -of_objects [get_hw_devices xc7a35t_0] -filter {CELL_NAME=~"u_ila"}]
display_hw_ila_data [upload_hw_ila_data [get_hw_ilas -of_objects [get_hw_devices xc7a35t_0] -filter {CELL_NAME=~"u_ila"}]]
INFO: [Labtools 27-1966] The ILA core 'hw_ila_1' triggered at 2026-May-20 11:52:24
INFO: [Labtools 27-3304] ILA Waveform data saved to file C:/Users/qipif/Desktop/FPGAProject/01_Preference/08_mypll/project/mypll.hw/backup/hw_ila_data_1.ila. Use Tcl command 'read_hw_ila_data' or Vivado File->Import->Import ILA Data menu item to import the previously saved data.
run_hw_ila [get_hw_ilas -of_objects [get_hw_devices xc7a35t_0] -filter {CELL_NAME=~"u_ila"}]
INFO: [Labtools 27-1964] The ILA core 'hw_ila_1' trigger was armed at 2026-May-20 11:52:27
wait_on_hw_ila [get_hw_ilas -of_objects [get_hw_devices xc7a35t_0] -filter {CELL_NAME=~"u_ila"}]
display_hw_ila_data [upload_hw_ila_data [get_hw_ilas -of_objects [get_hw_devices xc7a35t_0] -filter {CELL_NAME=~"u_ila"}]]
INFO: [Labtools 27-1966] The ILA core 'hw_ila_1' triggered at 2026-May-20 11:52:27
INFO: [Labtools 27-3304] ILA Waveform data saved to file C:/Users/qipif/Desktop/FPGAProject/01_Preference/08_mypll/project/mypll.hw/backup/hw_ila_data_1.ila. Use Tcl command 'read_hw_ila_data' or Vivado File->Import->Import ILA Data menu item to import the previously saved data.
run_hw_ila [get_hw_ilas -of_objects [get_hw_devices xc7a35t_0] -filter {CELL_NAME=~"u_ila"}]
INFO: [Labtools 27-1964] The ILA core 'hw_ila_1' trigger was armed at 2026-May-20 11:52:31
wait_on_hw_ila [get_hw_ilas -of_objects [get_hw_devices xc7a35t_0] -filter {CELL_NAME=~"u_ila"}]
display_hw_ila_data [upload_hw_ila_data [get_hw_ilas -of_objects [get_hw_devices xc7a35t_0] -filter {CELL_NAME=~"u_ila"}]]
INFO: [Labtools 27-1966] The ILA core 'hw_ila_1' triggered at 2026-May-20 11:52:31
INFO: [Labtools 27-3304] ILA Waveform data saved to file C:/Users/qipif/Desktop/FPGAProject/01_Preference/08_mypll/project/mypll.hw/backup/hw_ila_data_1.ila. Use Tcl command 'read_hw_ila_data' or Vivado File->Import->Import ILA Data menu item to import the previously saved data.
run_hw_ila [get_hw_ilas -of_objects [get_hw_devices xc7a35t_0] -filter {CELL_NAME=~"u_ila"}]
INFO: [Labtools 27-1964] The ILA core 'hw_ila_1' trigger was armed at 2026-May-20 11:52:34
wait_on_hw_ila [get_hw_ilas -of_objects [get_hw_devices xc7a35t_0] -filter {CELL_NAME=~"u_ila"}]
display_hw_ila_data [upload_hw_ila_data [get_hw_ilas -of_objects [get_hw_devices xc7a35t_0] -filter {CELL_NAME=~"u_ila"}]]
INFO: [Labtools 27-1966] The ILA core 'hw_ila_1' triggered at 2026-May-20 11:52:34
INFO: [Labtools 27-3304] ILA Waveform data saved to file C:/Users/qipif/Desktop/FPGAProject/01_Preference/08_mypll/project/mypll.hw/backup/hw_ila_data_1.ila. Use Tcl command 'read_hw_ila_data' or Vivado File->Import->Import ILA Data menu item to import the previously saved data.
run_hw_ila [get_hw_ilas -of_objects [get_hw_devices xc7a35t_0] -filter {CELL_NAME=~"u_ila"}]
INFO: [Labtools 27-1964] The ILA core 'hw_ila_1' trigger was armed at 2026-May-20 11:52:38
wait_on_hw_ila [get_hw_ilas -of_objects [get_hw_devices xc7a35t_0] -filter {CELL_NAME=~"u_ila"}]
display_hw_ila_data [upload_hw_ila_data [get_hw_ilas -of_objects [get_hw_devices xc7a35t_0] -filter {CELL_NAME=~"u_ila"}]]
INFO: [Labtools 27-1966] The ILA core 'hw_ila_1' triggered at 2026-May-20 11:52:38
INFO: [Labtools 27-3304] ILA Waveform data saved to file C:/Users/qipif/Desktop/FPGAProject/01_Preference/08_mypll/project/mypll.hw/backup/hw_ila_data_1.ila. Use Tcl command 'read_hw_ila_data' or Vivado File->Import->Import ILA Data menu item to import the previously saved data.
run_hw_ila [get_hw_ilas -of_objects [get_hw_devices xc7a35t_0] -filter {CELL_NAME=~"u_ila"}]
INFO: [Labtools 27-1964] The ILA core 'hw_ila_1' trigger was armed at 2026-May-20 11:52:41
wait_on_hw_ila [get_hw_ilas -of_objects [get_hw_devices xc7a35t_0] -filter {CELL_NAME=~"u_ila"}]
display_hw_ila_data [upload_hw_ila_data [get_hw_ilas -of_objects [get_hw_devices xc7a35t_0] -filter {CELL_NAME=~"u_ila"}]]
INFO: [Labtools 27-1966] The ILA core 'hw_ila_1' triggered at 2026-May-20 11:52:41
INFO: [Labtools 27-3304] ILA Waveform data saved to file C:/Users/qipif/Desktop/FPGAProject/01_Preference/08_mypll/project/mypll.hw/backup/hw_ila_data_1.ila. Use Tcl command 'read_hw_ila_data' or Vivado File->Import->Import ILA Data menu item to import the previously saved data.
run_hw_ila [get_hw_ilas -of_objects [get_hw_devices xc7a35t_0] -filter {CELL_NAME=~"u_ila"}]
INFO: [Labtools 27-1964] The ILA core 'hw_ila_1' trigger was armed at 2026-May-20 11:52:45
wait_on_hw_ila [get_hw_ilas -of_objects [get_hw_devices xc7a35t_0] -filter {CELL_NAME=~"u_ila"}]
display_hw_ila_data [upload_hw_ila_data [get_hw_ilas -of_objects [get_hw_devices xc7a35t_0] -filter {CELL_NAME=~"u_ila"}]]
INFO: [Labtools 27-1966] The ILA core 'hw_ila_1' triggered at 2026-May-20 11:52:45
INFO: [Labtools 27-3304] ILA Waveform data saved to file C:/Users/qipif/Desktop/FPGAProject/01_Preference/08_mypll/project/mypll.hw/backup/hw_ila_data_1.ila. Use Tcl command 'read_hw_ila_data' or Vivado File->Import->Import ILA Data menu item to import the previously saved data.
run_hw_ila [get_hw_ilas -of_objects [get_hw_devices xc7a35t_0] -filter {CELL_NAME=~"u_ila"}]
INFO: [Labtools 27-1964] The ILA core 'hw_ila_1' trigger was armed at 2026-May-20 11:52:48
wait_on_hw_ila [get_hw_ilas -of_objects [get_hw_devices xc7a35t_0] -filter {CELL_NAME=~"u_ila"}]
display_hw_ila_data [upload_hw_ila_data [get_hw_ilas -of_objects [get_hw_devices xc7a35t_0] -filter {CELL_NAME=~"u_ila"}]]
INFO: [Labtools 27-1966] The ILA core 'hw_ila_1' triggered at 2026-May-20 11:52:48
INFO: [Labtools 27-3304] ILA Waveform data saved to file C:/Users/qipif/Desktop/FPGAProject/01_Preference/08_mypll/project/mypll.hw/backup/hw_ila_data_1.ila. Use Tcl command 'read_hw_ila_data' or Vivado File->Import->Import ILA Data menu item to import the previously saved data.
run_hw_ila [get_hw_ilas -of_objects [get_hw_devices xc7a35t_0] -filter {CELL_NAME=~"u_ila"}]
INFO: [Labtools 27-1964] The ILA core 'hw_ila_1' trigger was armed at 2026-May-20 11:52:51
wait_on_hw_ila [get_hw_ilas -of_objects [get_hw_devices xc7a35t_0] -filter {CELL_NAME=~"u_ila"}]
display_hw_ila_data [upload_hw_ila_data [get_hw_ilas -of_objects [get_hw_devices xc7a35t_0] -filter {CELL_NAME=~"u_ila"}]]
INFO: [Labtools 27-1966] The ILA core 'hw_ila_1' triggered at 2026-May-20 11:52:51
INFO: [Labtools 27-3304] ILA Waveform data saved to file C:/Users/qipif/Desktop/FPGAProject/01_Preference/08_mypll/project/mypll.hw/backup/hw_ila_data_1.ila. Use Tcl command 'read_hw_ila_data' or Vivado File->Import->Import ILA Data menu item to import the previously saved data.
run_hw_ila [get_hw_ilas -of_objects [get_hw_devices xc7a35t_0] -filter {CELL_NAME=~"u_ila"}]
INFO: [Labtools 27-1964] The ILA core 'hw_ila_1' trigger was armed at 2026-May-20 11:52:55
wait_on_hw_ila [get_hw_ilas -of_objects [get_hw_devices xc7a35t_0] -filter {CELL_NAME=~"u_ila"}]
display_hw_ila_data [upload_hw_ila_data [get_hw_ilas -of_objects [get_hw_devices xc7a35t_0] -filter {CELL_NAME=~"u_ila"}]]
INFO: [Labtools 27-1966] The ILA core 'hw_ila_1' triggered at 2026-May-20 11:52:55
INFO: [Labtools 27-3304] ILA Waveform data saved to file C:/Users/qipif/Desktop/FPGAProject/01_Preference/08_mypll/project/mypll.hw/backup/hw_ila_data_1.ila. Use Tcl command 'read_hw_ila_data' or Vivado File->Import->Import ILA Data menu item to import the previously saved data.
run_hw_ila [get_hw_ilas -of_objects [get_hw_devices xc7a35t_0] -filter {CELL_NAME=~"u_ila"}]
INFO: [Labtools 27-1964] The ILA core 'hw_ila_1' trigger was armed at 2026-May-20 11:52:58
wait_on_hw_ila [get_hw_ilas -of_objects [get_hw_devices xc7a35t_0] -filter {CELL_NAME=~"u_ila"}]
display_hw_ila_data [upload_hw_ila_data [get_hw_ilas -of_objects [get_hw_devices xc7a35t_0] -filter {CELL_NAME=~"u_ila"}]]
INFO: [Labtools 27-1966] The ILA core 'hw_ila_1' triggered at 2026-May-20 11:52:58
INFO: [Labtools 27-3304] ILA Waveform data saved to file C:/Users/qipif/Desktop/FPGAProject/01_Preference/08_mypll/project/mypll.hw/backup/hw_ila_data_1.ila. Use Tcl command 'read_hw_ila_data' or Vivado File->Import->Import ILA Data menu item to import the previously saved data.
run_hw_ila [get_hw_ilas -of_objects [get_hw_devices xc7a35t_0] -filter {CELL_NAME=~"u_ila"}]
INFO: [Labtools 27-1964] The ILA core 'hw_ila_1' trigger was armed at 2026-May-20 11:53:01
wait_on_hw_ila [get_hw_ilas -of_objects [get_hw_devices xc7a35t_0] -filter {CELL_NAME=~"u_ila"}]
display_hw_ila_data [upload_hw_ila_data [get_hw_ilas -of_objects [get_hw_devices xc7a35t_0] -filter {CELL_NAME=~"u_ila"}]]
INFO: [Labtools 27-1966] The ILA core 'hw_ila_1' triggered at 2026-May-20 11:53:01
INFO: [Labtools 27-3304] ILA Waveform data saved to file C:/Users/qipif/Desktop/FPGAProject/01_Preference/08_mypll/project/mypll.hw/backup/hw_ila_data_1.ila. Use Tcl command 'read_hw_ila_data' or Vivado File->Import->Import ILA Data menu item to import the previously saved data.
run_hw_ila [get_hw_ilas -of_objects [get_hw_devices xc7a35t_0] -filter {CELL_NAME=~"u_ila"}]
INFO: [Labtools 27-1964] The ILA core 'hw_ila_1' trigger was armed at 2026-May-20 11:53:05
wait_on_hw_ila [get_hw_ilas -of_objects [get_hw_devices xc7a35t_0] -filter {CELL_NAME=~"u_ila"}]
display_hw_ila_data [upload_hw_ila_data [get_hw_ilas -of_objects [get_hw_devices xc7a35t_0] -filter {CELL_NAME=~"u_ila"}]]
INFO: [Labtools 27-1966] The ILA core 'hw_ila_1' triggered at 2026-May-20 11:53:05
INFO: [Labtools 27-3304] ILA Waveform data saved to file C:/Users/qipif/Desktop/FPGAProject/01_Preference/08_mypll/project/mypll.hw/backup/hw_ila_data_1.ila. Use Tcl command 'read_hw_ila_data' or Vivado File->Import->Import ILA Data menu item to import the previously saved data.
run_hw_ila [get_hw_ilas -of_objects [get_hw_devices xc7a35t_0] -filter {CELL_NAME=~"u_ila"}]
INFO: [Labtools 27-1964] The ILA core 'hw_ila_1' trigger was armed at 2026-May-20 11:53:08
wait_on_hw_ila [get_hw_ilas -of_objects [get_hw_devices xc7a35t_0] -filter {CELL_NAME=~"u_ila"}]
display_hw_ila_data [upload_hw_ila_data [get_hw_ilas -of_objects [get_hw_devices xc7a35t_0] -filter {CELL_NAME=~"u_ila"}]]
INFO: [Labtools 27-1966] The ILA core 'hw_ila_1' triggered at 2026-May-20 11:53:08
INFO: [Labtools 27-3304] ILA Waveform data saved to file C:/Users/qipif/Desktop/FPGAProject/01_Preference/08_mypll/project/mypll.hw/backup/hw_ila_data_1.ila. Use Tcl command 'read_hw_ila_data' or Vivado File->Import->Import ILA Data menu item to import the previously saved data.
run_hw_ila [get_hw_ilas -of_objects [get_hw_devices xc7a35t_0] -filter {CELL_NAME=~"u_ila"}]
INFO: [Labtools 27-1964] The ILA core 'hw_ila_1' trigger was armed at 2026-May-20 11:53:12
wait_on_hw_ila [get_hw_ilas -of_objects [get_hw_devices xc7a35t_0] -filter {CELL_NAME=~"u_ila"}]
display_hw_ila_data [upload_hw_ila_data [get_hw_ilas -of_objects [get_hw_devices xc7a35t_0] -filter {CELL_NAME=~"u_ila"}]]
INFO: [Labtools 27-1966] The ILA core 'hw_ila_1' triggered at 2026-May-20 11:53:12
INFO: [Labtools 27-3304] ILA Waveform data saved to file C:/Users/qipif/Desktop/FPGAProject/01_Preference/08_mypll/project/mypll.hw/backup/hw_ila_data_1.ila. Use Tcl command 'read_hw_ila_data' or Vivado File->Import->Import ILA Data menu item to import the previously saved data.
run_hw_ila [get_hw_ilas -of_objects [get_hw_devices xc7a35t_0] -filter {CELL_NAME=~"u_ila"}]
INFO: [Labtools 27-1964] The ILA core 'hw_ila_1' trigger was armed at 2026-May-20 11:53:15
wait_on_hw_ila [get_hw_ilas -of_objects [get_hw_devices xc7a35t_0] -filter {CELL_NAME=~"u_ila"}]
display_hw_ila_data [upload_hw_ila_data [get_hw_ilas -of_objects [get_hw_devices xc7a35t_0] -filter {CELL_NAME=~"u_ila"}]]
INFO: [Labtools 27-1966] The ILA core 'hw_ila_1' triggered at 2026-May-20 11:53:15
INFO: [Labtools 27-3304] ILA Waveform data saved to file C:/Users/qipif/Desktop/FPGAProject/01_Preference/08_mypll/project/mypll.hw/backup/hw_ila_data_1.ila. Use Tcl command 'read_hw_ila_data' or Vivado File->Import->Import ILA Data menu item to import the previously saved data.
run_hw_ila [get_hw_ilas -of_objects [get_hw_devices xc7a35t_0] -filter {CELL_NAME=~"u_ila"}]
INFO: [Labtools 27-1964] The ILA core 'hw_ila_1' trigger was armed at 2026-May-20 11:53:18
wait_on_hw_ila [get_hw_ilas -of_objects [get_hw_devices xc7a35t_0] -filter {CELL_NAME=~"u_ila"}]
display_hw_ila_data [upload_hw_ila_data [get_hw_ilas -of_objects [get_hw_devices xc7a35t_0] -filter {CELL_NAME=~"u_ila"}]]
INFO: [Labtools 27-1966] The ILA core 'hw_ila_1' triggered at 2026-May-20 11:53:18
INFO: [Labtools 27-3304] ILA Waveform data saved to file C:/Users/qipif/Desktop/FPGAProject/01_Preference/08_mypll/project/mypll.hw/backup/hw_ila_data_1.ila. Use Tcl command 'read_hw_ila_data' or Vivado File->Import->Import ILA Data menu item to import the previously saved data.
run_hw_ila [get_hw_ilas -of_objects [get_hw_devices xc7a35t_0] -filter {CELL_NAME=~"u_ila"}]
INFO: [Labtools 27-1964] The ILA core 'hw_ila_1' trigger was armed at 2026-May-20 11:53:22
wait_on_hw_ila [get_hw_ilas -of_objects [get_hw_devices xc7a35t_0] -filter {CELL_NAME=~"u_ila"}]
display_hw_ila_data [upload_hw_ila_data [get_hw_ilas -of_objects [get_hw_devices xc7a35t_0] -filter {CELL_NAME=~"u_ila"}]]
INFO: [Labtools 27-1966] The ILA core 'hw_ila_1' triggered at 2026-May-20 11:53:22
INFO: [Labtools 27-3304] ILA Waveform data saved to file C:/Users/qipif/Desktop/FPGAProject/01_Preference/08_mypll/project/mypll.hw/backup/hw_ila_data_1.ila. Use Tcl command 'read_hw_ila_data' or Vivado File->Import->Import ILA Data menu item to import the previously saved data.
run_hw_ila [get_hw_ilas -of_objects [get_hw_devices xc7a35t_0] -filter {CELL_NAME=~"u_ila"}]
INFO: [Labtools 27-1964] The ILA core 'hw_ila_1' trigger was armed at 2026-May-20 11:53:25
wait_on_hw_ila [get_hw_ilas -of_objects [get_hw_devices xc7a35t_0] -filter {CELL_NAME=~"u_ila"}]
display_hw_ila_data [upload_hw_ila_data [get_hw_ilas -of_objects [get_hw_devices xc7a35t_0] -filter {CELL_NAME=~"u_ila"}]]
INFO: [Labtools 27-1966] The ILA core 'hw_ila_1' triggered at 2026-May-20 11:53:25
INFO: [Labtools 27-3304] ILA Waveform data saved to file C:/Users/qipif/Desktop/FPGAProject/01_Preference/08_mypll/project/mypll.hw/backup/hw_ila_data_1.ila. Use Tcl command 'read_hw_ila_data' or Vivado File->Import->Import ILA Data menu item to import the previously saved data.
run_hw_ila [get_hw_ilas -of_objects [get_hw_devices xc7a35t_0] -filter {CELL_NAME=~"u_ila"}]
INFO: [Labtools 27-1964] The ILA core 'hw_ila_1' trigger was armed at 2026-May-20 11:53:28
wait_on_hw_ila [get_hw_ilas -of_objects [get_hw_devices xc7a35t_0] -filter {CELL_NAME=~"u_ila"}]
display_hw_ila_data [upload_hw_ila_data [get_hw_ilas -of_objects [get_hw_devices xc7a35t_0] -filter {CELL_NAME=~"u_ila"}]]
INFO: [Labtools 27-1966] The ILA core 'hw_ila_1' triggered at 2026-May-20 11:53:28
INFO: [Labtools 27-3304] ILA Waveform data saved to file C:/Users/qipif/Desktop/FPGAProject/01_Preference/08_mypll/project/mypll.hw/backup/hw_ila_data_1.ila. Use Tcl command 'read_hw_ila_data' or Vivado File->Import->Import ILA Data menu item to import the previously saved data.
run_hw_ila [get_hw_ilas -of_objects [get_hw_devices xc7a35t_0] -filter {CELL_NAME=~"u_ila"}]
INFO: [Labtools 27-1964] The ILA core 'hw_ila_1' trigger was armed at 2026-May-20 11:53:32
wait_on_hw_ila [get_hw_ilas -of_objects [get_hw_devices xc7a35t_0] -filter {CELL_NAME=~"u_ila"}]
display_hw_ila_data [upload_hw_ila_data [get_hw_ilas -of_objects [get_hw_devices xc7a35t_0] -filter {CELL_NAME=~"u_ila"}]]
INFO: [Labtools 27-1966] The ILA core 'hw_ila_1' triggered at 2026-May-20 11:53:32
INFO: [Labtools 27-3304] ILA Waveform data saved to file C:/Users/qipif/Desktop/FPGAProject/01_Preference/08_mypll/project/mypll.hw/backup/hw_ila_data_1.ila. Use Tcl command 'read_hw_ila_data' or Vivado File->Import->Import ILA Data menu item to import the previously saved data.
run_hw_ila [get_hw_ilas -of_objects [get_hw_devices xc7a35t_0] -filter {CELL_NAME=~"u_ila"}]
INFO: [Labtools 27-1964] The ILA core 'hw_ila_1' trigger was armed at 2026-May-20 11:53:36
wait_on_hw_ila [get_hw_ilas -of_objects [get_hw_devices xc7a35t_0] -filter {CELL_NAME=~"u_ila"}]
display_hw_ila_data [upload_hw_ila_data [get_hw_ilas -of_objects [get_hw_devices xc7a35t_0] -filter {CELL_NAME=~"u_ila"}]]
INFO: [Labtools 27-1966] The ILA core 'hw_ila_1' triggered at 2026-May-20 11:53:36
INFO: [Labtools 27-3304] ILA Waveform data saved to file C:/Users/qipif/Desktop/FPGAProject/01_Preference/08_mypll/project/mypll.hw/backup/hw_ila_data_1.ila. Use Tcl command 'read_hw_ila_data' or Vivado File->Import->Import ILA Data menu item to import the previously saved data.
run_hw_ila [get_hw_ilas -of_objects [get_hw_devices xc7a35t_0] -filter {CELL_NAME=~"u_ila"}]
INFO: [Labtools 27-1964] The ILA core 'hw_ila_1' trigger was armed at 2026-May-20 11:53:39
wait_on_hw_ila [get_hw_ilas -of_objects [get_hw_devices xc7a35t_0] -filter {CELL_NAME=~"u_ila"}]
display_hw_ila_data [upload_hw_ila_data [get_hw_ilas -of_objects [get_hw_devices xc7a35t_0] -filter {CELL_NAME=~"u_ila"}]]
INFO: [Labtools 27-1966] The ILA core 'hw_ila_1' triggered at 2026-May-20 11:53:39
INFO: [Labtools 27-3304] ILA Waveform data saved to file C:/Users/qipif/Desktop/FPGAProject/01_Preference/08_mypll/project/mypll.hw/backup/hw_ila_data_1.ila. Use Tcl command 'read_hw_ila_data' or Vivado File->Import->Import ILA Data menu item to import the previously saved data.
run_hw_ila [get_hw_ilas -of_objects [get_hw_devices xc7a35t_0] -filter {CELL_NAME=~"u_ila"}]
INFO: [Labtools 27-1964] The ILA core 'hw_ila_1' trigger was armed at 2026-May-20 11:53:42
wait_on_hw_ila [get_hw_ilas -of_objects [get_hw_devices xc7a35t_0] -filter {CELL_NAME=~"u_ila"}]
display_hw_ila_data [upload_hw_ila_data [get_hw_ilas -of_objects [get_hw_devices xc7a35t_0] -filter {CELL_NAME=~"u_ila"}]]
INFO: [Labtools 27-1966] The ILA core 'hw_ila_1' triggered at 2026-May-20 11:53:42
INFO: [Labtools 27-3304] ILA Waveform data saved to file C:/Users/qipif/Desktop/FPGAProject/01_Preference/08_mypll/project/mypll.hw/backup/hw_ila_data_1.ila. Use Tcl command 'read_hw_ila_data' or Vivado File->Import->Import ILA Data menu item to import the previously saved data.
run_hw_ila [get_hw_ilas -of_objects [get_hw_devices xc7a35t_0] -filter {CELL_NAME=~"u_ila"}]
INFO: [Labtools 27-1964] The ILA core 'hw_ila_1' trigger was armed at 2026-May-20 11:53:46
wait_on_hw_ila [get_hw_ilas -of_objects [get_hw_devices xc7a35t_0] -filter {CELL_NAME=~"u_ila"}]
display_hw_ila_data [upload_hw_ila_data [get_hw_ilas -of_objects [get_hw_devices xc7a35t_0] -filter {CELL_NAME=~"u_ila"}]]
INFO: [Labtools 27-1966] The ILA core 'hw_ila_1' triggered at 2026-May-20 11:53:46
INFO: [Labtools 27-3304] ILA Waveform data saved to file C:/Users/qipif/Desktop/FPGAProject/01_Preference/08_mypll/project/mypll.hw/backup/hw_ila_data_1.ila. Use Tcl command 'read_hw_ila_data' or Vivado File->Import->Import ILA Data menu item to import the previously saved data.
run_hw_ila [get_hw_ilas -of_objects [get_hw_devices xc7a35t_0] -filter {CELL_NAME=~"u_ila"}]
INFO: [Labtools 27-1964] The ILA core 'hw_ila_1' trigger was armed at 2026-May-20 11:53:49
wait_on_hw_ila [get_hw_ilas -of_objects [get_hw_devices xc7a35t_0] -filter {CELL_NAME=~"u_ila"}]
display_hw_ila_data [upload_hw_ila_data [get_hw_ilas -of_objects [get_hw_devices xc7a35t_0] -filter {CELL_NAME=~"u_ila"}]]
INFO: [Labtools 27-1966] The ILA core 'hw_ila_1' triggered at 2026-May-20 11:53:49
INFO: [Labtools 27-3304] ILA Waveform data saved to file C:/Users/qipif/Desktop/FPGAProject/01_Preference/08_mypll/project/mypll.hw/backup/hw_ila_data_1.ila. Use Tcl command 'read_hw_ila_data' or Vivado File->Import->Import ILA Data menu item to import the previously saved data.
run_hw_ila [get_hw_ilas -of_objects [get_hw_devices xc7a35t_0] -filter {CELL_NAME=~"u_ila"}]
INFO: [Labtools 27-1964] The ILA core 'hw_ila_1' trigger was armed at 2026-May-20 11:53:52
wait_on_hw_ila [get_hw_ilas -of_objects [get_hw_devices xc7a35t_0] -filter {CELL_NAME=~"u_ila"}]
display_hw_ila_data [upload_hw_ila_data [get_hw_ilas -of_objects [get_hw_devices xc7a35t_0] -filter {CELL_NAME=~"u_ila"}]]
INFO: [Labtools 27-1966] The ILA core 'hw_ila_1' triggered at 2026-May-20 11:53:52
INFO: [Labtools 27-3304] ILA Waveform data saved to file C:/Users/qipif/Desktop/FPGAProject/01_Preference/08_mypll/project/mypll.hw/backup/hw_ila_data_1.ila. Use Tcl command 'read_hw_ila_data' or Vivado File->Import->Import ILA Data menu item to import the previously saved data.
run_hw_ila [get_hw_ilas -of_objects [get_hw_devices xc7a35t_0] -filter {CELL_NAME=~"u_ila"}]
INFO: [Labtools 27-1964] The ILA core 'hw_ila_1' trigger was armed at 2026-May-20 11:53:56
wait_on_hw_ila [get_hw_ilas -of_objects [get_hw_devices xc7a35t_0] -filter {CELL_NAME=~"u_ila"}]
display_hw_ila_data [upload_hw_ila_data [get_hw_ilas -of_objects [get_hw_devices xc7a35t_0] -filter {CELL_NAME=~"u_ila"}]]
INFO: [Labtools 27-1966] The ILA core 'hw_ila_1' triggered at 2026-May-20 11:53:56
INFO: [Labtools 27-3304] ILA Waveform data saved to file C:/Users/qipif/Desktop/FPGAProject/01_Preference/08_mypll/project/mypll.hw/backup/hw_ila_data_1.ila. Use Tcl command 'read_hw_ila_data' or Vivado File->Import->Import ILA Data menu item to import the previously saved data.
run_hw_ila [get_hw_ilas -of_objects [get_hw_devices xc7a35t_0] -filter {CELL_NAME=~"u_ila"}]
INFO: [Labtools 27-1964] The ILA core 'hw_ila_1' trigger was armed at 2026-May-20 11:53:59
wait_on_hw_ila [get_hw_ilas -of_objects [get_hw_devices xc7a35t_0] -filter {CELL_NAME=~"u_ila"}]
display_hw_ila_data [upload_hw_ila_data [get_hw_ilas -of_objects [get_hw_devices xc7a35t_0] -filter {CELL_NAME=~"u_ila"}]]
INFO: [Labtools 27-1966] The ILA core 'hw_ila_1' triggered at 2026-May-20 11:53:59
INFO: [Labtools 27-3304] ILA Waveform data saved to file C:/Users/qipif/Desktop/FPGAProject/01_Preference/08_mypll/project/mypll.hw/backup/hw_ila_data_1.ila. Use Tcl command 'read_hw_ila_data' or Vivado File->Import->Import ILA Data menu item to import the previously saved data.
run_hw_ila [get_hw_ilas -of_objects [get_hw_devices xc7a35t_0] -filter {CELL_NAME=~"u_ila"}]
INFO: [Labtools 27-1964] The ILA core 'hw_ila_1' trigger was armed at 2026-May-20 11:54:03
wait_on_hw_ila [get_hw_ilas -of_objects [get_hw_devices xc7a35t_0] -filter {CELL_NAME=~"u_ila"}]
display_hw_ila_data [upload_hw_ila_data [get_hw_ilas -of_objects [get_hw_devices xc7a35t_0] -filter {CELL_NAME=~"u_ila"}]]
INFO: [Labtools 27-1966] The ILA core 'hw_ila_1' triggered at 2026-May-20 11:54:03
INFO: [Labtools 27-3304] ILA Waveform data saved to file C:/Users/qipif/Desktop/FPGAProject/01_Preference/08_mypll/project/mypll.hw/backup/hw_ila_data_1.ila. Use Tcl command 'read_hw_ila_data' or Vivado File->Import->Import ILA Data menu item to import the previously saved data.
run_hw_ila [get_hw_ilas -of_objects [get_hw_devices xc7a35t_0] -filter {CELL_NAME=~"u_ila"}]
INFO: [Labtools 27-1964] The ILA core 'hw_ila_1' trigger was armed at 2026-May-20 11:54:06
wait_on_hw_ila [get_hw_ilas -of_objects [get_hw_devices xc7a35t_0] -filter {CELL_NAME=~"u_ila"}]
display_hw_ila_data [upload_hw_ila_data [get_hw_ilas -of_objects [get_hw_devices xc7a35t_0] -filter {CELL_NAME=~"u_ila"}]]
INFO: [Labtools 27-1966] The ILA core 'hw_ila_1' triggered at 2026-May-20 11:54:06
INFO: [Labtools 27-3304] ILA Waveform data saved to file C:/Users/qipif/Desktop/FPGAProject/01_Preference/08_mypll/project/mypll.hw/backup/hw_ila_data_1.ila. Use Tcl command 'read_hw_ila_data' or Vivado File->Import->Import ILA Data menu item to import the previously saved data.
run_hw_ila [get_hw_ilas -of_objects [get_hw_devices xc7a35t_0] -filter {CELL_NAME=~"u_ila"}]
INFO: [Labtools 27-1964] The ILA core 'hw_ila_1' trigger was armed at 2026-May-20 11:54:09
wait_on_hw_ila [get_hw_ilas -of_objects [get_hw_devices xc7a35t_0] -filter {CELL_NAME=~"u_ila"}]
display_hw_ila_data [upload_hw_ila_data [get_hw_ilas -of_objects [get_hw_devices xc7a35t_0] -filter {CELL_NAME=~"u_ila"}]]
INFO: [Labtools 27-1966] The ILA core 'hw_ila_1' triggered at 2026-May-20 11:54:09
INFO: [Labtools 27-3304] ILA Waveform data saved to file C:/Users/qipif/Desktop/FPGAProject/01_Preference/08_mypll/project/mypll.hw/backup/hw_ila_data_1.ila. Use Tcl command 'read_hw_ila_data' or Vivado File->Import->Import ILA Data menu item to import the previously saved data.
run_hw_ila [get_hw_ilas -of_objects [get_hw_devices xc7a35t_0] -filter {CELL_NAME=~"u_ila"}]
INFO: [Labtools 27-1964] The ILA core 'hw_ila_1' trigger was armed at 2026-May-20 11:54:13
wait_on_hw_ila [get_hw_ilas -of_objects [get_hw_devices xc7a35t_0] -filter {CELL_NAME=~"u_ila"}]
display_hw_ila_data [upload_hw_ila_data [get_hw_ilas -of_objects [get_hw_devices xc7a35t_0] -filter {CELL_NAME=~"u_ila"}]]
INFO: [Labtools 27-1966] The ILA core 'hw_ila_1' triggered at 2026-May-20 11:54:13
INFO: [Labtools 27-3304] ILA Waveform data saved to file C:/Users/qipif/Desktop/FPGAProject/01_Preference/08_mypll/project/mypll.hw/backup/hw_ila_data_1.ila. Use Tcl command 'read_hw_ila_data' or Vivado File->Import->Import ILA Data menu item to import the previously saved data.
run_hw_ila [get_hw_ilas -of_objects [get_hw_devices xc7a35t_0] -filter {CELL_NAME=~"u_ila"}]
INFO: [Labtools 27-1964] The ILA core 'hw_ila_1' trigger was armed at 2026-May-20 11:54:16
wait_on_hw_ila [get_hw_ilas -of_objects [get_hw_devices xc7a35t_0] -filter {CELL_NAME=~"u_ila"}]
display_hw_ila_data [upload_hw_ila_data [get_hw_ilas -of_objects [get_hw_devices xc7a35t_0] -filter {CELL_NAME=~"u_ila"}]]
INFO: [Labtools 27-1966] The ILA core 'hw_ila_1' triggered at 2026-May-20 11:54:16
INFO: [Labtools 27-3304] ILA Waveform data saved to file C:/Users/qipif/Desktop/FPGAProject/01_Preference/08_mypll/project/mypll.hw/backup/hw_ila_data_1.ila. Use Tcl command 'read_hw_ila_data' or Vivado File->Import->Import ILA Data menu item to import the previously saved data.
run_hw_ila [get_hw_ilas -of_objects [get_hw_devices xc7a35t_0] -filter {CELL_NAME=~"u_ila"}]
INFO: [Labtools 27-1964] The ILA core 'hw_ila_1' trigger was armed at 2026-May-20 11:54:19
wait_on_hw_ila [get_hw_ilas -of_objects [get_hw_devices xc7a35t_0] -filter {CELL_NAME=~"u_ila"}]
display_hw_ila_data [upload_hw_ila_data [get_hw_ilas -of_objects [get_hw_devices xc7a35t_0] -filter {CELL_NAME=~"u_ila"}]]
INFO: [Labtools 27-1966] The ILA core 'hw_ila_1' triggered at 2026-May-20 11:54:19
INFO: [Labtools 27-3304] ILA Waveform data saved to file C:/Users/qipif/Desktop/FPGAProject/01_Preference/08_mypll/project/mypll.hw/backup/hw_ila_data_1.ila. Use Tcl command 'read_hw_ila_data' or Vivado File->Import->Import ILA Data menu item to import the previously saved data.
run_hw_ila [get_hw_ilas -of_objects [get_hw_devices xc7a35t_0] -filter {CELL_NAME=~"u_ila"}]
INFO: [Labtools 27-1964] The ILA core 'hw_ila_1' trigger was armed at 2026-May-20 11:54:23
wait_on_hw_ila [get_hw_ilas -of_objects [get_hw_devices xc7a35t_0] -filter {CELL_NAME=~"u_ila"}]
display_hw_ila_data [upload_hw_ila_data [get_hw_ilas -of_objects [get_hw_devices xc7a35t_0] -filter {CELL_NAME=~"u_ila"}]]
INFO: [Labtools 27-1966] The ILA core 'hw_ila_1' triggered at 2026-May-20 11:54:23
INFO: [Labtools 27-3304] ILA Waveform data saved to file C:/Users/qipif/Desktop/FPGAProject/01_Preference/08_mypll/project/mypll.hw/backup/hw_ila_data_1.ila. Use Tcl command 'read_hw_ila_data' or Vivado File->Import->Import ILA Data menu item to import the previously saved data.
run_hw_ila [get_hw_ilas -of_objects [get_hw_devices xc7a35t_0] -filter {CELL_NAME=~"u_ila"}]
INFO: [Labtools 27-1964] The ILA core 'hw_ila_1' trigger was armed at 2026-May-20 11:54:26
wait_on_hw_ila [get_hw_ilas -of_objects [get_hw_devices xc7a35t_0] -filter {CELL_NAME=~"u_ila"}]
display_hw_ila_data [upload_hw_ila_data [get_hw_ilas -of_objects [get_hw_devices xc7a35t_0] -filter {CELL_NAME=~"u_ila"}]]
INFO: [Labtools 27-1966] The ILA core 'hw_ila_1' triggered at 2026-May-20 11:54:26
INFO: [Labtools 27-3304] ILA Waveform data saved to file C:/Users/qipif/Desktop/FPGAProject/01_Preference/08_mypll/project/mypll.hw/backup/hw_ila_data_1.ila. Use Tcl command 'read_hw_ila_data' or Vivado File->Import->Import ILA Data menu item to import the previously saved data.
run_hw_ila [get_hw_ilas -of_objects [get_hw_devices xc7a35t_0] -filter {CELL_NAME=~"u_ila"}]
INFO: [Labtools 27-1964] The ILA core 'hw_ila_1' trigger was armed at 2026-May-20 11:54:30
INFO: [Common 17-14] Message 'Labtools 27-1964' appears 100 times and further instances of the messages will be disabled. Use the Tcl command set_msg_config to change the current settings.
wait_on_hw_ila [get_hw_ilas -of_objects [get_hw_devices xc7a35t_0] -filter {CELL_NAME=~"u_ila"}]
display_hw_ila_data [upload_hw_ila_data [get_hw_ilas -of_objects [get_hw_devices xc7a35t_0] -filter {CELL_NAME=~"u_ila"}]]
INFO: [Labtools 27-1966] The ILA core 'hw_ila_1' triggered at 2026-May-20 11:54:30
INFO: [Common 17-14] Message 'Labtools 27-1966' appears 100 times and further instances of the messages will be disabled. Use the Tcl command set_msg_config to change the current settings.
INFO: [Labtools 27-3304] ILA Waveform data saved to file C:/Users/qipif/Desktop/FPGAProject/01_Preference/08_mypll/project/mypll.hw/backup/hw_ila_data_1.ila. Use Tcl command 'read_hw_ila_data' or Vivado File->Import->Import ILA Data menu item to import the previously saved data.
INFO: [Common 17-14] Message 'Labtools 27-3304' appears 100 times and further instances of the messages will be disabled. Use the Tcl command set_msg_config to change the current settings.
run_hw_ila [get_hw_ilas -of_objects [get_hw_devices xc7a35t_0] -filter {CELL_NAME=~"u_ila"}]
wait_on_hw_ila [get_hw_ilas -of_objects [get_hw_devices xc7a35t_0] -filter {CELL_NAME=~"u_ila"}]
display_hw_ila_data [upload_hw_ila_data [get_hw_ilas -of_objects [get_hw_devices xc7a35t_0] -filter {CELL_NAME=~"u_ila"}]]
run_hw_ila [get_hw_ilas -of_objects [get_hw_devices xc7a35t_0] -filter {CELL_NAME=~"u_ila"}]
wait_on_hw_ila [get_hw_ilas -of_objects [get_hw_devices xc7a35t_0] -filter {CELL_NAME=~"u_ila"}]
display_hw_ila_data [upload_hw_ila_data [get_hw_ilas -of_objects [get_hw_devices xc7a35t_0] -filter {CELL_NAME=~"u_ila"}]]
run_hw_ila [get_hw_ilas -of_objects [get_hw_devices xc7a35t_0] -filter {CELL_NAME=~"u_ila"}]
wait_on_hw_ila [get_hw_ilas -of_objects [get_hw_devices xc7a35t_0] -filter {CELL_NAME=~"u_ila"}]
display_hw_ila_data [upload_hw_ila_data [get_hw_ilas -of_objects [get_hw_devices xc7a35t_0] -filter {CELL_NAME=~"u_ila"}]]
run_hw_ila [get_hw_ilas -of_objects [get_hw_devices xc7a35t_0] -filter {CELL_NAME=~"u_ila"}]
wait_on_hw_ila [get_hw_ilas -of_objects [get_hw_devices xc7a35t_0] -filter {CELL_NAME=~"u_ila"}]
display_hw_ila_data [upload_hw_ila_data [get_hw_ilas -of_objects [get_hw_devices xc7a35t_0] -filter {CELL_NAME=~"u_ila"}]]
run_hw_ila [get_hw_ilas -of_objects [get_hw_devices xc7a35t_0] -filter {CELL_NAME=~"u_ila"}]
wait_on_hw_ila [get_hw_ilas -of_objects [get_hw_devices xc7a35t_0] -filter {CELL_NAME=~"u_ila"}]
display_hw_ila_data [upload_hw_ila_data [get_hw_ilas -of_objects [get_hw_devices xc7a35t_0] -filter {CELL_NAME=~"u_ila"}]]
run_hw_ila [get_hw_ilas -of_objects [get_hw_devices xc7a35t_0] -filter {CELL_NAME=~"u_ila"}]
wait_on_hw_ila [get_hw_ilas -of_objects [get_hw_devices xc7a35t_0] -filter {CELL_NAME=~"u_ila"}]
display_hw_ila_data [upload_hw_ila_data [get_hw_ilas -of_objects [get_hw_devices xc7a35t_0] -filter {CELL_NAME=~"u_ila"}]]
run_hw_ila [get_hw_ilas -of_objects [get_hw_devices xc7a35t_0] -filter {CELL_NAME=~"u_ila"}]
wait_on_hw_ila [get_hw_ilas -of_objects [get_hw_devices xc7a35t_0] -filter {CELL_NAME=~"u_ila"}]
display_hw_ila_data [upload_hw_ila_data [get_hw_ilas -of_objects [get_hw_devices xc7a35t_0] -filter {CELL_NAME=~"u_ila"}]]
run_hw_ila [get_hw_ilas -of_objects [get_hw_devices xc7a35t_0] -filter {CELL_NAME=~"u_ila"}]
wait_on_hw_ila [get_hw_ilas -of_objects [get_hw_devices xc7a35t_0] -filter {CELL_NAME=~"u_ila"}]
display_hw_ila_data [upload_hw_ila_data [get_hw_ilas -of_objects [get_hw_devices xc7a35t_0] -filter {CELL_NAME=~"u_ila"}]]
run_hw_ila [get_hw_ilas -of_objects [get_hw_devices xc7a35t_0] -filter {CELL_NAME=~"u_ila"}]
wait_on_hw_ila [get_hw_ilas -of_objects [get_hw_devices xc7a35t_0] -filter {CELL_NAME=~"u_ila"}]
display_hw_ila_data [upload_hw_ila_data [get_hw_ilas -of_objects [get_hw_devices xc7a35t_0] -filter {CELL_NAME=~"u_ila"}]]
run_hw_ila [get_hw_ilas -of_objects [get_hw_devices xc7a35t_0] -filter {CELL_NAME=~"u_ila"}]
wait_on_hw_ila [get_hw_ilas -of_objects [get_hw_devices xc7a35t_0] -filter {CELL_NAME=~"u_ila"}]
display_hw_ila_data [upload_hw_ila_data [get_hw_ilas -of_objects [get_hw_devices xc7a35t_0] -filter {CELL_NAME=~"u_ila"}]]
run_hw_ila [get_hw_ilas -of_objects [get_hw_devices xc7a35t_0] -filter {CELL_NAME=~"u_ila"}]
wait_on_hw_ila [get_hw_ilas -of_objects [get_hw_devices xc7a35t_0] -filter {CELL_NAME=~"u_ila"}]
display_hw_ila_data [upload_hw_ila_data [get_hw_ilas -of_objects [get_hw_devices xc7a35t_0] -filter {CELL_NAME=~"u_ila"}]]
run_hw_ila [get_hw_ilas -of_objects [get_hw_devices xc7a35t_0] -filter {CELL_NAME=~"u_ila"}]
wait_on_hw_ila [get_hw_ilas -of_objects [get_hw_devices xc7a35t_0] -filter {CELL_NAME=~"u_ila"}]
display_hw_ila_data [upload_hw_ila_data [get_hw_ilas -of_objects [get_hw_devices xc7a35t_0] -filter {CELL_NAME=~"u_ila"}]]
run_hw_ila [get_hw_ilas -of_objects [get_hw_devices xc7a35t_0] -filter {CELL_NAME=~"u_ila"}]
wait_on_hw_ila [get_hw_ilas -of_objects [get_hw_devices xc7a35t_0] -filter {CELL_NAME=~"u_ila"}]
display_hw_ila_data [upload_hw_ila_data [get_hw_ilas -of_objects [get_hw_devices xc7a35t_0] -filter {CELL_NAME=~"u_ila"}]]
run_hw_ila [get_hw_ilas -of_objects [get_hw_devices xc7a35t_0] -filter {CELL_NAME=~"u_ila"}]
wait_on_hw_ila [get_hw_ilas -of_objects [get_hw_devices xc7a35t_0] -filter {CELL_NAME=~"u_ila"}]
display_hw_ila_data [upload_hw_ila_data [get_hw_ilas -of_objects [get_hw_devices xc7a35t_0] -filter {CELL_NAME=~"u_ila"}]]
run_hw_ila [get_hw_ilas -of_objects [get_hw_devices xc7a35t_0] -filter {CELL_NAME=~"u_ila"}]
wait_on_hw_ila [get_hw_ilas -of_objects [get_hw_devices xc7a35t_0] -filter {CELL_NAME=~"u_ila"}]
display_hw_ila_data [upload_hw_ila_data [get_hw_ilas -of_objects [get_hw_devices xc7a35t_0] -filter {CELL_NAME=~"u_ila"}]]
run_hw_ila [get_hw_ilas -of_objects [get_hw_devices xc7a35t_0] -filter {CELL_NAME=~"u_ila"}]
wait_on_hw_ila [get_hw_ilas -of_objects [get_hw_devices xc7a35t_0] -filter {CELL_NAME=~"u_ila"}]
display_hw_ila_data [upload_hw_ila_data [get_hw_ilas -of_objects [get_hw_devices xc7a35t_0] -filter {CELL_NAME=~"u_ila"}]]
run_hw_ila [get_hw_ilas -of_objects [get_hw_devices xc7a35t_0] -filter {CELL_NAME=~"u_ila"}]
wait_on_hw_ila [get_hw_ilas -of_objects [get_hw_devices xc7a35t_0] -filter {CELL_NAME=~"u_ila"}]
display_hw_ila_data [upload_hw_ila_data [get_hw_ilas -of_objects [get_hw_devices xc7a35t_0] -filter {CELL_NAME=~"u_ila"}]]
reset_run synth_1
INFO: [Project 1-1161] Replacing file C:/Users/qipif/Desktop/FPGAProject/01_Preference/08_mypll/project/mypll.srcs/utils_1/imports/synth_1/top.dcp with file C:/Users/qipif/Desktop/FPGAProject/01_Preference/08_mypll/project/mypll.runs/synth_1/top.dcp
run_hw_ila [get_hw_ilas -of_objects [get_hw_devices xc7a35t_0] -filter {CELL_NAME=~"u_ila"}]
wait_on_hw_ila [get_hw_ilas -of_objects [get_hw_devices xc7a35t_0] -filter {CELL_NAME=~"u_ila"}]
display_hw_ila_data [upload_hw_ila_data [get_hw_ilas -of_objects [get_hw_devices xc7a35t_0] -filter {CELL_NAME=~"u_ila"}]]
run_hw_ila [get_hw_ilas -of_objects [get_hw_devices xc7a35t_0] -filter {CELL_NAME=~"u_ila"}]
wait_on_hw_ila [get_hw_ilas -of_objects [get_hw_devices xc7a35t_0] -filter {CELL_NAME=~"u_ila"}]
display_hw_ila_data [upload_hw_ila_data [get_hw_ilas -of_objects [get_hw_devices xc7a35t_0] -filter {CELL_NAME=~"u_ila"}]]
run_hw_ila [get_hw_ilas -of_objects [get_hw_devices xc7a35t_0] -filter {CELL_NAME=~"u_ila"}]
wait_on_hw_ila [get_hw_ilas -of_objects [get_hw_devices xc7a35t_0] -filter {CELL_NAME=~"u_ila"}]
display_hw_ila_data [upload_hw_ila_data [get_hw_ilas -of_objects [get_hw_devices xc7a35t_0] -filter {CELL_NAME=~"u_ila"}]]
run_hw_ila [get_hw_ilas -of_objects [get_hw_devices xc7a35t_0] -filter {CELL_NAME=~"u_ila"}]
wait_on_hw_ila [get_hw_ilas -of_objects [get_hw_devices xc7a35t_0] -filter {CELL_NAME=~"u_ila"}]
display_hw_ila_data [upload_hw_ila_data [get_hw_ilas -of_objects [get_hw_devices xc7a35t_0] -filter {CELL_NAME=~"u_ila"}]]
run_hw_ila [get_hw_ilas -of_objects [get_hw_devices xc7a35t_0] -filter {CELL_NAME=~"u_ila"}]
wait_on_hw_ila [get_hw_ilas -of_objects [get_hw_devices xc7a35t_0] -filter {CELL_NAME=~"u_ila"}]
display_hw_ila_data [upload_hw_ila_data [get_hw_ilas -of_objects [get_hw_devices xc7a35t_0] -filter {CELL_NAME=~"u_ila"}]]
ERROR: [Labtoolstcl 44-513] HW Target shutdown. Closing target: localhost:3121/xilinx_tcf/Digilent/210512180081
close_hw_manager
launch_runs impl_1 -to_step write_bitstream -jobs 10
[Wed May 20 11:56:12 2026] Launched synth_1...
Run output will be captured here: C:/Users/qipif/Desktop/FPGAProject/01_Preference/08_mypll/project/mypll.runs/synth_1/runme.log
[Wed May 20 11:56:12 2026] Launched impl_1...
Run output will be captured here: C:/Users/qipif/Desktop/FPGAProject/01_Preference/08_mypll/project/mypll.runs/impl_1/runme.log
open_hw_manager
connect_hw_server -allow_non_jtag
INFO: [Labtools 27-2285] Connecting to hw_server url TCP:localhost:3121
INFO: [Labtools 27-2222] Launching hw_server...
INFO: [Labtools 27-2221] Launch Output:

****** Xilinx hw_server v2025.2
  **** Build date : Oct 28 2025 at 10:03:13
    ** Copyright 1986-2022 Xilinx, Inc. All Rights Reserved.


INFO: [Labtools 27-3415] Connecting to cs_server url TCP:localhost:0
INFO: [Labtools 27-3417] Launching cs_server...
INFO: [Labtools 27-2221] Launch Output:


******** Xilinx cs_server v2025.2.0
  ****** Build date   : Nov 14 2025-07:16:52
    **** Build number : 2025.2.1763075812
      ** Copyright 2017-2022 Xilinx, Inc. All Rights Reserved.
      ** Copyright 2022-2026 Advanced Micro Devices, Inc. All Rights Reserved.



connect_hw_server: Time (s): cpu = 00:00:00 ; elapsed = 00:00:06 . Memory (MB): peak = 2209.125 ; gain = 0.000
open_hw_target
INFO: [Labtoolstcl 44-466] Opening hw_target localhost:3121/xilinx_tcf/Digilent/210512180081
set_property PROGRAM.FILE {C:/Users/qipif/Desktop/FPGAProject/01_Preference/08_mypll/project/mypll.runs/impl_1/top.bit} [get_hw_devices xc7a35t_0]
set_property PROBES.FILE {C:/Users/qipif/Desktop/FPGAProject/01_Preference/08_mypll/project/mypll.runs/impl_1/top.ltx} [get_hw_devices xc7a35t_0]
set_property FULL_PROBES.FILE {C:/Users/qipif/Desktop/FPGAProject/01_Preference/08_mypll/project/mypll.runs/impl_1/top.ltx} [get_hw_devices xc7a35t_0]
current_hw_device [get_hw_devices xc7a35t_0]
refresh_hw_device [lindex [get_hw_devices xc7a35t_0] 0]
INFO: [Labtools 27-1434] Device xc7a35t (JTAG device index = 0) is programmed with a design that has no supported soft debug core(s) in it.
WARNING: [Labtools 27-3361] The debug hub core was not detected.
Resolution: 
1. Make sure the clock connected to the debug hub (dbg_hub) core is a free running clock and is active.
2. Make sure the BSCAN_SWITCH_USER_MASK device property in Vivado Hardware Manager reflects the user scan chain setting in the design and refresh the device.  To determine the user scan chain setting in the design, open the implemented design and use 'get_property C_USER_SCAN_CHAIN [get_debug_cores dbg_hub]'.
For more details on setting the scan chain property, consult the Vivado Debug and Programming User Guide (UG908).
WARNING: [Labtools 27-3413] Dropping logic core with cellname:'u_ila' at location 'uuid_C30A833047BA52038DBC7E3E3214D902' from probes file, since it cannot be found on the programmed device.
set_property PROBES.FILE {C:/Users/qipif/Desktop/FPGAProject/01_Preference/08_mypll/project/mypll.runs/impl_1/top.ltx} [get_hw_devices xc7a35t_0]
set_property FULL_PROBES.FILE {C:/Users/qipif/Desktop/FPGAProject/01_Preference/08_mypll/project/mypll.runs/impl_1/top.ltx} [get_hw_devices xc7a35t_0]
set_property PROGRAM.FILE {C:/Users/qipif/Desktop/FPGAProject/01_Preference/08_mypll/project/mypll.runs/impl_1/top.bit} [get_hw_devices xc7a35t_0]
program_hw_devices [get_hw_devices xc7a35t_0]
INFO: [Labtools 27-3164] End of startup status: HIGH
refresh_hw_device [lindex [get_hw_devices xc7a35t_0] 0]
INFO: [Labtools 27-2302] Device xc7a35t (JTAG device index = 0) is programmed with a design that has 1 ILA core(s).
display_hw_ila_data [ get_hw_ila_data hw_ila_data_1 -of_objects [get_hw_ilas -of_objects [get_hw_devices xc7a35t_0] -filter {CELL_NAME=~"u_ila"}]]
add_wave -into {hw_ila_data_1.wcfg} -radix hex { {Adc_In_A_IBUF} }
add_wave -into {hw_ila_data_1.wcfg} -radix hex { {nco_sin} }
run_hw_ila [get_hw_ilas -of_objects [get_hw_devices xc7a35t_0] -filter {CELL_NAME=~"u_ila"}]
wait_on_hw_ila [get_hw_ilas -of_objects [get_hw_devices xc7a35t_0] -filter {CELL_NAME=~"u_ila"}]
display_hw_ila_data [upload_hw_ila_data [get_hw_ilas -of_objects [get_hw_devices xc7a35t_0] -filter {CELL_NAME=~"u_ila"}]]
run_hw_ila [get_hw_ilas -of_objects [get_hw_devices xc7a35t_0] -filter {CELL_NAME=~"u_ila"}]
wait_on_hw_ila [get_hw_ilas -of_objects [get_hw_devices xc7a35t_0] -filter {CELL_NAME=~"u_ila"}]
display_hw_ila_data [upload_hw_ila_data [get_hw_ilas -of_objects [get_hw_devices xc7a35t_0] -filter {CELL_NAME=~"u_ila"}]]
run_hw_ila [get_hw_ilas -of_objects [get_hw_devices xc7a35t_0] -filter {CELL_NAME=~"u_ila"}]
wait_on_hw_ila [get_hw_ilas -of_objects [get_hw_devices xc7a35t_0] -filter {CELL_NAME=~"u_ila"}]
display_hw_ila_data [upload_hw_ila_data [get_hw_ilas -of_objects [get_hw_devices xc7a35t_0] -filter {CELL_NAME=~"u_ila"}]]
run_hw_ila [get_hw_ilas -of_objects [get_hw_devices xc7a35t_0] -filter {CELL_NAME=~"u_ila"}]
wait_on_hw_ila [get_hw_ilas -of_objects [get_hw_devices xc7a35t_0] -filter {CELL_NAME=~"u_ila"}]
display_hw_ila_data [upload_hw_ila_data [get_hw_ilas -of_objects [get_hw_devices xc7a35t_0] -filter {CELL_NAME=~"u_ila"}]]
run_hw_ila [get_hw_ilas -of_objects [get_hw_devices xc7a35t_0] -filter {CELL_NAME=~"u_ila"}]
wait_on_hw_ila [get_hw_ilas -of_objects [get_hw_devices xc7a35t_0] -filter {CELL_NAME=~"u_ila"}]
display_hw_ila_data [upload_hw_ila_data [get_hw_ilas -of_objects [get_hw_devices xc7a35t_0] -filter {CELL_NAME=~"u_ila"}]]
run_hw_ila [get_hw_ilas -of_objects [get_hw_devices xc7a35t_0] -filter {CELL_NAME=~"u_ila"}]
wait_on_hw_ila [get_hw_ilas -of_objects [get_hw_devices xc7a35t_0] -filter {CELL_NAME=~"u_ila"}]
display_hw_ila_data [upload_hw_ila_data [get_hw_ilas -of_objects [get_hw_devices xc7a35t_0] -filter {CELL_NAME=~"u_ila"}]]
run_hw_ila [get_hw_ilas -of_objects [get_hw_devices xc7a35t_0] -filter {CELL_NAME=~"u_ila"}]
wait_on_hw_ila [get_hw_ilas -of_objects [get_hw_devices xc7a35t_0] -filter {CELL_NAME=~"u_ila"}]
display_hw_ila_data [upload_hw_ila_data [get_hw_ilas -of_objects [get_hw_devices xc7a35t_0] -filter {CELL_NAME=~"u_ila"}]]
run_hw_ila [get_hw_ilas -of_objects [get_hw_devices xc7a35t_0] -filter {CELL_NAME=~"u_ila"}]
wait_on_hw_ila [get_hw_ilas -of_objects [get_hw_devices xc7a35t_0] -filter {CELL_NAME=~"u_ila"}]
display_hw_ila_data [upload_hw_ila_data [get_hw_ilas -of_objects [get_hw_devices xc7a35t_0] -filter {CELL_NAME=~"u_ila"}]]
run_hw_ila [get_hw_ilas -of_objects [get_hw_devices xc7a35t_0] -filter {CELL_NAME=~"u_ila"}]
wait_on_hw_ila [get_hw_ilas -of_objects [get_hw_devices xc7a35t_0] -filter {CELL_NAME=~"u_ila"}]
display_hw_ila_data [upload_hw_ila_data [get_hw_ilas -of_objects [get_hw_devices xc7a35t_0] -filter {CELL_NAME=~"u_ila"}]]
run_hw_ila [get_hw_ilas -of_objects [get_hw_devices xc7a35t_0] -filter {CELL_NAME=~"u_ila"}]
wait_on_hw_ila [get_hw_ilas -of_objects [get_hw_devices xc7a35t_0] -filter {CELL_NAME=~"u_ila"}]
display_hw_ila_data [upload_hw_ila_data [get_hw_ilas -of_objects [get_hw_devices xc7a35t_0] -filter {CELL_NAME=~"u_ila"}]]
run_hw_ila [get_hw_ilas -of_objects [get_hw_devices xc7a35t_0] -filter {CELL_NAME=~"u_ila"}]
wait_on_hw_ila [get_hw_ilas -of_objects [get_hw_devices xc7a35t_0] -filter {CELL_NAME=~"u_ila"}]
display_hw_ila_data [upload_hw_ila_data [get_hw_ilas -of_objects [get_hw_devices xc7a35t_0] -filter {CELL_NAME=~"u_ila"}]]
run_hw_ila [get_hw_ilas -of_objects [get_hw_devices xc7a35t_0] -filter {CELL_NAME=~"u_ila"}]
wait_on_hw_ila [get_hw_ilas -of_objects [get_hw_devices xc7a35t_0] -filter {CELL_NAME=~"u_ila"}]
display_hw_ila_data [upload_hw_ila_data [get_hw_ilas -of_objects [get_hw_devices xc7a35t_0] -filter {CELL_NAME=~"u_ila"}]]
run_hw_ila [get_hw_ilas -of_objects [get_hw_devices xc7a35t_0] -filter {CELL_NAME=~"u_ila"}]
wait_on_hw_ila [get_hw_ilas -of_objects [get_hw_devices xc7a35t_0] -filter {CELL_NAME=~"u_ila"}]
display_hw_ila_data [upload_hw_ila_data [get_hw_ilas -of_objects [get_hw_devices xc7a35t_0] -filter {CELL_NAME=~"u_ila"}]]
run_hw_ila [get_hw_ilas -of_objects [get_hw_devices xc7a35t_0] -filter {CELL_NAME=~"u_ila"}]
wait_on_hw_ila [get_hw_ilas -of_objects [get_hw_devices xc7a35t_0] -filter {CELL_NAME=~"u_ila"}]
display_hw_ila_data [upload_hw_ila_data [get_hw_ilas -of_objects [get_hw_devices xc7a35t_0] -filter {CELL_NAME=~"u_ila"}]]
run_hw_ila [get_hw_ilas -of_objects [get_hw_devices xc7a35t_0] -filter {CELL_NAME=~"u_ila"}]
wait_on_hw_ila [get_hw_ilas -of_objects [get_hw_devices xc7a35t_0] -filter {CELL_NAME=~"u_ila"}]
display_hw_ila_data [upload_hw_ila_data [get_hw_ilas -of_objects [get_hw_devices xc7a35t_0] -filter {CELL_NAME=~"u_ila"}]]
add_wave -into {hw_ila_data_1.wcfg} -radix bin { {ref_signed} }
run_hw_ila [get_hw_ilas -of_objects [get_hw_devices xc7a35t_0] -filter {CELL_NAME=~"u_ila"}]
wait_on_hw_ila [get_hw_ilas -of_objects [get_hw_devices xc7a35t_0] -filter {CELL_NAME=~"u_ila"}]
display_hw_ila_data [upload_hw_ila_data [get_hw_ilas -of_objects [get_hw_devices xc7a35t_0] -filter {CELL_NAME=~"u_ila"}]]
run_hw_ila [get_hw_ilas -of_objects [get_hw_devices xc7a35t_0] -filter {CELL_NAME=~"u_ila"}]
wait_on_hw_ila [get_hw_ilas -of_objects [get_hw_devices xc7a35t_0] -filter {CELL_NAME=~"u_ila"}]
display_hw_ila_data [upload_hw_ila_data [get_hw_ilas -of_objects [get_hw_devices xc7a35t_0] -filter {CELL_NAME=~"u_ila"}]]
run_hw_ila [get_hw_ilas -of_objects [get_hw_devices xc7a35t_0] -filter {CELL_NAME=~"u_ila"}]
wait_on_hw_ila [get_hw_ilas -of_objects [get_hw_devices xc7a35t_0] -filter {CELL_NAME=~"u_ila"}]
display_hw_ila_data [upload_hw_ila_data [get_hw_ilas -of_objects [get_hw_devices xc7a35t_0] -filter {CELL_NAME=~"u_ila"}]]
run_hw_ila [get_hw_ilas -of_objects [get_hw_devices xc7a35t_0] -filter {CELL_NAME=~"u_ila"}]
wait_on_hw_ila [get_hw_ilas -of_objects [get_hw_devices xc7a35t_0] -filter {CELL_NAME=~"u_ila"}]
display_hw_ila_data [upload_hw_ila_data [get_hw_ilas -of_objects [get_hw_devices xc7a35t_0] -filter {CELL_NAME=~"u_ila"}]]
run_hw_ila [get_hw_ilas -of_objects [get_hw_devices xc7a35t_0] -filter {CELL_NAME=~"u_ila"}]
wait_on_hw_ila [get_hw_ilas -of_objects [get_hw_devices xc7a35t_0] -filter {CELL_NAME=~"u_ila"}]
display_hw_ila_data [upload_hw_ila_data [get_hw_ilas -of_objects [get_hw_devices xc7a35t_0] -filter {CELL_NAME=~"u_ila"}]]
run_hw_ila [get_hw_ilas -of_objects [get_hw_devices xc7a35t_0] -filter {CELL_NAME=~"u_ila"}]
wait_on_hw_ila [get_hw_ilas -of_objects [get_hw_devices xc7a35t_0] -filter {CELL_NAME=~"u_ila"}]
display_hw_ila_data [upload_hw_ila_data [get_hw_ilas -of_objects [get_hw_devices xc7a35t_0] -filter {CELL_NAME=~"u_ila"}]]
run_hw_ila [get_hw_ilas -of_objects [get_hw_devices xc7a35t_0] -filter {CELL_NAME=~"u_ila"}]
wait_on_hw_ila [get_hw_ilas -of_objects [get_hw_devices xc7a35t_0] -filter {CELL_NAME=~"u_ila"}]
display_hw_ila_data [upload_hw_ila_data [get_hw_ilas -of_objects [get_hw_devices xc7a35t_0] -filter {CELL_NAME=~"u_ila"}]]
run_hw_ila [get_hw_ilas -of_objects [get_hw_devices xc7a35t_0] -filter {CELL_NAME=~"u_ila"}]
wait_on_hw_ila [get_hw_ilas -of_objects [get_hw_devices xc7a35t_0] -filter {CELL_NAME=~"u_ila"}]
display_hw_ila_data [upload_hw_ila_data [get_hw_ilas -of_objects [get_hw_devices xc7a35t_0] -filter {CELL_NAME=~"u_ila"}]]
run_hw_ila [get_hw_ilas -of_objects [get_hw_devices xc7a35t_0] -filter {CELL_NAME=~"u_ila"}]
wait_on_hw_ila [get_hw_ilas -of_objects [get_hw_devices xc7a35t_0] -filter {CELL_NAME=~"u_ila"}]
display_hw_ila_data [upload_hw_ila_data [get_hw_ilas -of_objects [get_hw_devices xc7a35t_0] -filter {CELL_NAME=~"u_ila"}]]
run_hw_ila [get_hw_ilas -of_objects [get_hw_devices xc7a35t_0] -filter {CELL_NAME=~"u_ila"}]
wait_on_hw_ila [get_hw_ilas -of_objects [get_hw_devices xc7a35t_0] -filter {CELL_NAME=~"u_ila"}]
display_hw_ila_data [upload_hw_ila_data [get_hw_ilas -of_objects [get_hw_devices xc7a35t_0] -filter {CELL_NAME=~"u_ila"}]]
run_hw_ila [get_hw_ilas -of_objects [get_hw_devices xc7a35t_0] -filter {CELL_NAME=~"u_ila"}]
wait_on_hw_ila [get_hw_ilas -of_objects [get_hw_devices xc7a35t_0] -filter {CELL_NAME=~"u_ila"}]
display_hw_ila_data [upload_hw_ila_data [get_hw_ilas -of_objects [get_hw_devices xc7a35t_0] -filter {CELL_NAME=~"u_ila"}]]
run_hw_ila [get_hw_ilas -of_objects [get_hw_devices xc7a35t_0] -filter {CELL_NAME=~"u_ila"}]
wait_on_hw_ila [get_hw_ilas -of_objects [get_hw_devices xc7a35t_0] -filter {CELL_NAME=~"u_ila"}]
display_hw_ila_data [upload_hw_ila_data [get_hw_ilas -of_objects [get_hw_devices xc7a35t_0] -filter {CELL_NAME=~"u_ila"}]]
run_hw_ila [get_hw_ilas -of_objects [get_hw_devices xc7a35t_0] -filter {CELL_NAME=~"u_ila"}]
wait_on_hw_ila [get_hw_ilas -of_objects [get_hw_devices xc7a35t_0] -filter {CELL_NAME=~"u_ila"}]
display_hw_ila_data [upload_hw_ila_data [get_hw_ilas -of_objects [get_hw_devices xc7a35t_0] -filter {CELL_NAME=~"u_ila"}]]
run_hw_ila [get_hw_ilas -of_objects [get_hw_devices xc7a35t_0] -filter {CELL_NAME=~"u_ila"}]
wait_on_hw_ila [get_hw_ilas -of_objects [get_hw_devices xc7a35t_0] -filter {CELL_NAME=~"u_ila"}]
display_hw_ila_data [upload_hw_ila_data [get_hw_ilas -of_objects [get_hw_devices xc7a35t_0] -filter {CELL_NAME=~"u_ila"}]]
run_hw_ila [get_hw_ilas -of_objects [get_hw_devices xc7a35t_0] -filter {CELL_NAME=~"u_ila"}]
wait_on_hw_ila [get_hw_ilas -of_objects [get_hw_devices xc7a35t_0] -filter {CELL_NAME=~"u_ila"}]
display_hw_ila_data [upload_hw_ila_data [get_hw_ilas -of_objects [get_hw_devices xc7a35t_0] -filter {CELL_NAME=~"u_ila"}]]
run_hw_ila [get_hw_ilas -of_objects [get_hw_devices xc7a35t_0] -filter {CELL_NAME=~"u_ila"}]
wait_on_hw_ila [get_hw_ilas -of_objects [get_hw_devices xc7a35t_0] -filter {CELL_NAME=~"u_ila"}]
display_hw_ila_data [upload_hw_ila_data [get_hw_ilas -of_objects [get_hw_devices xc7a35t_0] -filter {CELL_NAME=~"u_ila"}]]
run_hw_ila [get_hw_ilas -of_objects [get_hw_devices xc7a35t_0] -filter {CELL_NAME=~"u_ila"}]
wait_on_hw_ila [get_hw_ilas -of_objects [get_hw_devices xc7a35t_0] -filter {CELL_NAME=~"u_ila"}]
display_hw_ila_data [upload_hw_ila_data [get_hw_ilas -of_objects [get_hw_devices xc7a35t_0] -filter {CELL_NAME=~"u_ila"}]]
run_hw_ila [get_hw_ilas -of_objects [get_hw_devices xc7a35t_0] -filter {CELL_NAME=~"u_ila"}]
wait_on_hw_ila [get_hw_ilas -of_objects [get_hw_devices xc7a35t_0] -filter {CELL_NAME=~"u_ila"}]
display_hw_ila_data [upload_hw_ila_data [get_hw_ilas -of_objects [get_hw_devices xc7a35t_0] -filter {CELL_NAME=~"u_ila"}]]
close_hw_manager
WARNING: [IP_Flow 19-4067] Ignoring invalid widget type specified checkbox.Providing a default widget
update_compile_order -fileset sources_1
reset_run synth_1
INFO: [Project 1-1161] Replacing file C:/Users/qipif/Desktop/FPGAProject/01_Preference/08_mypll/project/mypll.srcs/utils_1/imports/synth_1/top.dcp with file C:/Users/qipif/Desktop/FPGAProject/01_Preference/08_mypll/project/mypll.runs/synth_1/top.dcp
launch_runs impl_1 -to_step write_bitstream -jobs 10
[Wed May 20 12:07:54 2026] Launched synth_1...
Run output will be captured here: C:/Users/qipif/Desktop/FPGAProject/01_Preference/08_mypll/project/mypll.runs/synth_1/runme.log
[Wed May 20 12:07:54 2026] Launched impl_1...
Run output will be captured here: C:/Users/qipif/Desktop/FPGAProject/01_Preference/08_mypll/project/mypll.runs/impl_1/runme.log
open_hw_manager
connect_hw_server -allow_non_jtag
INFO: [Labtools 27-2285] Connecting to hw_server url TCP:localhost:3121
INFO: [Labtools 27-2222] Launching hw_server...
INFO: [Labtools 27-2221] Launch Output:

****** Xilinx hw_server v2025.2
  **** Build date : Oct 28 2025 at 10:03:13
    ** Copyright 1986-2022 Xilinx, Inc. All Rights Reserved.


INFO: [Labtools 27-3415] Connecting to cs_server url TCP:localhost:0
INFO: [Labtools 27-3417] Launching cs_server...
INFO: [Labtools 27-2221] Launch Output:


******** Xilinx cs_server v2025.2.0
  ****** Build date   : Nov 14 2025-07:16:52
    **** Build number : 2025.2.1763075812
      ** Copyright 2017-2022 Xilinx, Inc. All Rights Reserved.
      ** Copyright 2022-2026 Advanced Micro Devices, Inc. All Rights Reserved.



connect_hw_server: Time (s): cpu = 00:00:01 ; elapsed = 00:00:06 . Memory (MB): peak = 2231.984 ; gain = 0.000
open_hw_target
INFO: [Labtoolstcl 44-466] Opening hw_target localhost:3121/xilinx_tcf/Digilent/210512180081
set_property PROGRAM.FILE {C:/Users/qipif/Desktop/FPGAProject/01_Preference/08_mypll/project/mypll.runs/impl_1/top.bit} [get_hw_devices xc7a35t_0]
set_property PROBES.FILE {C:/Users/qipif/Desktop/FPGAProject/01_Preference/08_mypll/project/mypll.runs/impl_1/top.ltx} [get_hw_devices xc7a35t_0]
set_property FULL_PROBES.FILE {C:/Users/qipif/Desktop/FPGAProject/01_Preference/08_mypll/project/mypll.runs/impl_1/top.ltx} [get_hw_devices xc7a35t_0]
current_hw_device [get_hw_devices xc7a35t_0]
refresh_hw_device [lindex [get_hw_devices xc7a35t_0] 0]
INFO: [Labtools 27-1434] Device xc7a35t (JTAG device index = 0) is programmed with a design that has no supported soft debug core(s) in it.
WARNING: [Labtools 27-3361] The debug hub core was not detected.
Resolution: 
1. Make sure the clock connected to the debug hub (dbg_hub) core is a free running clock and is active.
2. Make sure the BSCAN_SWITCH_USER_MASK device property in Vivado Hardware Manager reflects the user scan chain setting in the design and refresh the device.  To determine the user scan chain setting in the design, open the implemented design and use 'get_property C_USER_SCAN_CHAIN [get_debug_cores dbg_hub]'.
For more details on setting the scan chain property, consult the Vivado Debug and Programming User Guide (UG908).
WARNING: [Labtools 27-3413] Dropping logic core with cellname:'u_ila' at location 'uuid_C30A833047BA52038DBC7E3E3214D902' from probes file, since it cannot be found on the programmed device.
set_property PROBES.FILE {C:/Users/qipif/Desktop/FPGAProject/01_Preference/08_mypll/project/mypll.runs/impl_1/top.ltx} [get_hw_devices xc7a35t_0]
set_property FULL_PROBES.FILE {C:/Users/qipif/Desktop/FPGAProject/01_Preference/08_mypll/project/mypll.runs/impl_1/top.ltx} [get_hw_devices xc7a35t_0]
set_property PROGRAM.FILE {C:/Users/qipif/Desktop/FPGAProject/01_Preference/08_mypll/project/mypll.runs/impl_1/top.bit} [get_hw_devices xc7a35t_0]
program_hw_devices [get_hw_devices xc7a35t_0]
INFO: [Labtools 27-3164] End of startup status: HIGH
refresh_hw_device [lindex [get_hw_devices xc7a35t_0] 0]
INFO: [Labtools 27-2302] Device xc7a35t (JTAG device index = 0) is programmed with a design that has 1 ILA core(s).
display_hw_ila_data [ get_hw_ila_data hw_ila_data_1 -of_objects [get_hw_ilas -of_objects [get_hw_devices xc7a35t_0] -filter {CELL_NAME=~"u_ila"}]]
WARNING: Simulation object nco_sin was not found in the design.
WARNING: Simulation object ref_signed was not found in the design.
add_wave -into {hw_ila_data_1.wcfg} -radix hex { {Adc_In_A_IBUF} }
run_hw_ila [get_hw_ilas -of_objects [get_hw_devices xc7a35t_0] -filter {CELL_NAME=~"u_ila"}]
INFO: [Labtools 27-1964] The ILA core 'hw_ila_1' trigger was armed at 2026-May-20 12:11:07
wait_on_hw_ila [get_hw_ilas -of_objects [get_hw_devices xc7a35t_0] -filter {CELL_NAME=~"u_ila"}]
display_hw_ila_data [upload_hw_ila_data [get_hw_ilas -of_objects [get_hw_devices xc7a35t_0] -filter {CELL_NAME=~"u_ila"}]]
INFO: [Labtools 27-1966] The ILA core 'hw_ila_1' triggered at 2026-May-20 12:11:07
INFO: [Labtools 27-3304] ILA Waveform data saved to file C:/Users/qipif/Desktop/FPGAProject/01_Preference/08_mypll/project/mypll.hw/backup/hw_ila_data_1.ila. Use Tcl command 'read_hw_ila_data' or Vivado File->Import->Import ILA Data menu item to import the previously saved data.
run_hw_ila [get_hw_ilas -of_objects [get_hw_devices xc7a35t_0] -filter {CELL_NAME=~"u_ila"}]
INFO: [Labtools 27-1964] The ILA core 'hw_ila_1' trigger was armed at 2026-May-20 12:11:10
wait_on_hw_ila [get_hw_ilas -of_objects [get_hw_devices xc7a35t_0] -filter {CELL_NAME=~"u_ila"}]
display_hw_ila_data [upload_hw_ila_data [get_hw_ilas -of_objects [get_hw_devices xc7a35t_0] -filter {CELL_NAME=~"u_ila"}]]
INFO: [Labtools 27-1966] The ILA core 'hw_ila_1' triggered at 2026-May-20 12:11:10
INFO: [Labtools 27-3304] ILA Waveform data saved to file C:/Users/qipif/Desktop/FPGAProject/01_Preference/08_mypll/project/mypll.hw/backup/hw_ila_data_1.ila. Use Tcl command 'read_hw_ila_data' or Vivado File->Import->Import ILA Data menu item to import the previously saved data.
run_hw_ila [get_hw_ilas -of_objects [get_hw_devices xc7a35t_0] -filter {CELL_NAME=~"u_ila"}]
INFO: [Labtools 27-1964] The ILA core 'hw_ila_1' trigger was armed at 2026-May-20 12:11:13
wait_on_hw_ila [get_hw_ilas -of_objects [get_hw_devices xc7a35t_0] -filter {CELL_NAME=~"u_ila"}]
display_hw_ila_data [upload_hw_ila_data [get_hw_ilas -of_objects [get_hw_devices xc7a35t_0] -filter {CELL_NAME=~"u_ila"}]]
INFO: [Labtools 27-1966] The ILA core 'hw_ila_1' triggered at 2026-May-20 12:11:13
INFO: [Labtools 27-3304] ILA Waveform data saved to file C:/Users/qipif/Desktop/FPGAProject/01_Preference/08_mypll/project/mypll.hw/backup/hw_ila_data_1.ila. Use Tcl command 'read_hw_ila_data' or Vivado File->Import->Import ILA Data menu item to import the previously saved data.
run_hw_ila [get_hw_ilas -of_objects [get_hw_devices xc7a35t_0] -filter {CELL_NAME=~"u_ila"}]
INFO: [Labtools 27-1964] The ILA core 'hw_ila_1' trigger was armed at 2026-May-20 12:11:17
wait_on_hw_ila [get_hw_ilas -of_objects [get_hw_devices xc7a35t_0] -filter {CELL_NAME=~"u_ila"}]
display_hw_ila_data [upload_hw_ila_data [get_hw_ilas -of_objects [get_hw_devices xc7a35t_0] -filter {CELL_NAME=~"u_ila"}]]
INFO: [Labtools 27-1966] The ILA core 'hw_ila_1' triggered at 2026-May-20 12:11:17
INFO: [Labtools 27-3304] ILA Waveform data saved to file C:/Users/qipif/Desktop/FPGAProject/01_Preference/08_mypll/project/mypll.hw/backup/hw_ila_data_1.ila. Use Tcl command 'read_hw_ila_data' or Vivado File->Import->Import ILA Data menu item to import the previously saved data.
run_hw_ila [get_hw_ilas -of_objects [get_hw_devices xc7a35t_0] -filter {CELL_NAME=~"u_ila"}]
INFO: [Labtools 27-1964] The ILA core 'hw_ila_1' trigger was armed at 2026-May-20 12:11:20
wait_on_hw_ila [get_hw_ilas -of_objects [get_hw_devices xc7a35t_0] -filter {CELL_NAME=~"u_ila"}]
display_hw_ila_data [upload_hw_ila_data [get_hw_ilas -of_objects [get_hw_devices xc7a35t_0] -filter {CELL_NAME=~"u_ila"}]]
INFO: [Labtools 27-1966] The ILA core 'hw_ila_1' triggered at 2026-May-20 12:11:20
INFO: [Labtools 27-3304] ILA Waveform data saved to file C:/Users/qipif/Desktop/FPGAProject/01_Preference/08_mypll/project/mypll.hw/backup/hw_ila_data_1.ila. Use Tcl command 'read_hw_ila_data' or Vivado File->Import->Import ILA Data menu item to import the previously saved data.
run_hw_ila [get_hw_ilas -of_objects [get_hw_devices xc7a35t_0] -filter {CELL_NAME=~"u_ila"}]
INFO: [Labtools 27-1964] The ILA core 'hw_ila_1' trigger was armed at 2026-May-20 12:11:23
wait_on_hw_ila [get_hw_ilas -of_objects [get_hw_devices xc7a35t_0] -filter {CELL_NAME=~"u_ila"}]
display_hw_ila_data [upload_hw_ila_data [get_hw_ilas -of_objects [get_hw_devices xc7a35t_0] -filter {CELL_NAME=~"u_ila"}]]
INFO: [Labtools 27-1966] The ILA core 'hw_ila_1' triggered at 2026-May-20 12:11:23
INFO: [Labtools 27-3304] ILA Waveform data saved to file C:/Users/qipif/Desktop/FPGAProject/01_Preference/08_mypll/project/mypll.hw/backup/hw_ila_data_1.ila. Use Tcl command 'read_hw_ila_data' or Vivado File->Import->Import ILA Data menu item to import the previously saved data.
run_hw_ila [get_hw_ilas -of_objects [get_hw_devices xc7a35t_0] -filter {CELL_NAME=~"u_ila"}]
INFO: [Labtools 27-1964] The ILA core 'hw_ila_1' trigger was armed at 2026-May-20 12:11:26
wait_on_hw_ila [get_hw_ilas -of_objects [get_hw_devices xc7a35t_0] -filter {CELL_NAME=~"u_ila"}]
display_hw_ila_data [upload_hw_ila_data [get_hw_ilas -of_objects [get_hw_devices xc7a35t_0] -filter {CELL_NAME=~"u_ila"}]]
INFO: [Labtools 27-1966] The ILA core 'hw_ila_1' triggered at 2026-May-20 12:11:26
INFO: [Labtools 27-3304] ILA Waveform data saved to file C:/Users/qipif/Desktop/FPGAProject/01_Preference/08_mypll/project/mypll.hw/backup/hw_ila_data_1.ila. Use Tcl command 'read_hw_ila_data' or Vivado File->Import->Import ILA Data menu item to import the previously saved data.
run_hw_ila [get_hw_ilas -of_objects [get_hw_devices xc7a35t_0] -filter {CELL_NAME=~"u_ila"}]
INFO: [Labtools 27-1964] The ILA core 'hw_ila_1' trigger was armed at 2026-May-20 12:11:30
wait_on_hw_ila [get_hw_ilas -of_objects [get_hw_devices xc7a35t_0] -filter {CELL_NAME=~"u_ila"}]
display_hw_ila_data [upload_hw_ila_data [get_hw_ilas -of_objects [get_hw_devices xc7a35t_0] -filter {CELL_NAME=~"u_ila"}]]
INFO: [Labtools 27-1966] The ILA core 'hw_ila_1' triggered at 2026-May-20 12:11:30
INFO: [Labtools 27-3304] ILA Waveform data saved to file C:/Users/qipif/Desktop/FPGAProject/01_Preference/08_mypll/project/mypll.hw/backup/hw_ila_data_1.ila. Use Tcl command 'read_hw_ila_data' or Vivado File->Import->Import ILA Data menu item to import the previously saved data.
run_hw_ila [get_hw_ilas -of_objects [get_hw_devices xc7a35t_0] -filter {CELL_NAME=~"u_ila"}]
INFO: [Labtools 27-1964] The ILA core 'hw_ila_1' trigger was armed at 2026-May-20 12:11:33
wait_on_hw_ila [get_hw_ilas -of_objects [get_hw_devices xc7a35t_0] -filter {CELL_NAME=~"u_ila"}]
display_hw_ila_data [upload_hw_ila_data [get_hw_ilas -of_objects [get_hw_devices xc7a35t_0] -filter {CELL_NAME=~"u_ila"}]]
INFO: [Labtools 27-1966] The ILA core 'hw_ila_1' triggered at 2026-May-20 12:11:33
INFO: [Labtools 27-3304] ILA Waveform data saved to file C:/Users/qipif/Desktop/FPGAProject/01_Preference/08_mypll/project/mypll.hw/backup/hw_ila_data_1.ila. Use Tcl command 'read_hw_ila_data' or Vivado File->Import->Import ILA Data menu item to import the previously saved data.
run_hw_ila [get_hw_ilas -of_objects [get_hw_devices xc7a35t_0] -filter {CELL_NAME=~"u_ila"}]
INFO: [Labtools 27-1964] The ILA core 'hw_ila_1' trigger was armed at 2026-May-20 12:11:36
wait_on_hw_ila [get_hw_ilas -of_objects [get_hw_devices xc7a35t_0] -filter {CELL_NAME=~"u_ila"}]
display_hw_ila_data [upload_hw_ila_data [get_hw_ilas -of_objects [get_hw_devices xc7a35t_0] -filter {CELL_NAME=~"u_ila"}]]
INFO: [Labtools 27-1966] The ILA core 'hw_ila_1' triggered at 2026-May-20 12:11:36
INFO: [Labtools 27-3304] ILA Waveform data saved to file C:/Users/qipif/Desktop/FPGAProject/01_Preference/08_mypll/project/mypll.hw/backup/hw_ila_data_1.ila. Use Tcl command 'read_hw_ila_data' or Vivado File->Import->Import ILA Data menu item to import the previously saved data.
run_hw_ila [get_hw_ilas -of_objects [get_hw_devices xc7a35t_0] -filter {CELL_NAME=~"u_ila"}]
INFO: [Labtools 27-1964] The ILA core 'hw_ila_1' trigger was armed at 2026-May-20 12:11:40
wait_on_hw_ila [get_hw_ilas -of_objects [get_hw_devices xc7a35t_0] -filter {CELL_NAME=~"u_ila"}]
display_hw_ila_data [upload_hw_ila_data [get_hw_ilas -of_objects [get_hw_devices xc7a35t_0] -filter {CELL_NAME=~"u_ila"}]]
INFO: [Labtools 27-1966] The ILA core 'hw_ila_1' triggered at 2026-May-20 12:11:40
INFO: [Labtools 27-3304] ILA Waveform data saved to file C:/Users/qipif/Desktop/FPGAProject/01_Preference/08_mypll/project/mypll.hw/backup/hw_ila_data_1.ila. Use Tcl command 'read_hw_ila_data' or Vivado File->Import->Import ILA Data menu item to import the previously saved data.
run_hw_ila [get_hw_ilas -of_objects [get_hw_devices xc7a35t_0] -filter {CELL_NAME=~"u_ila"}]
INFO: [Labtools 27-1964] The ILA core 'hw_ila_1' trigger was armed at 2026-May-20 12:11:43
wait_on_hw_ila [get_hw_ilas -of_objects [get_hw_devices xc7a35t_0] -filter {CELL_NAME=~"u_ila"}]
display_hw_ila_data [upload_hw_ila_data [get_hw_ilas -of_objects [get_hw_devices xc7a35t_0] -filter {CELL_NAME=~"u_ila"}]]
INFO: [Labtools 27-1966] The ILA core 'hw_ila_1' triggered at 2026-May-20 12:11:43
INFO: [Labtools 27-3304] ILA Waveform data saved to file C:/Users/qipif/Desktop/FPGAProject/01_Preference/08_mypll/project/mypll.hw/backup/hw_ila_data_1.ila. Use Tcl command 'read_hw_ila_data' or Vivado File->Import->Import ILA Data menu item to import the previously saved data.
run_hw_ila [get_hw_ilas -of_objects [get_hw_devices xc7a35t_0] -filter {CELL_NAME=~"u_ila"}]
INFO: [Labtools 27-1964] The ILA core 'hw_ila_1' trigger was armed at 2026-May-20 12:11:46
wait_on_hw_ila [get_hw_ilas -of_objects [get_hw_devices xc7a35t_0] -filter {CELL_NAME=~"u_ila"}]
display_hw_ila_data [upload_hw_ila_data [get_hw_ilas -of_objects [get_hw_devices xc7a35t_0] -filter {CELL_NAME=~"u_ila"}]]
INFO: [Labtools 27-1966] The ILA core 'hw_ila_1' triggered at 2026-May-20 12:11:46
INFO: [Labtools 27-3304] ILA Waveform data saved to file C:/Users/qipif/Desktop/FPGAProject/01_Preference/08_mypll/project/mypll.hw/backup/hw_ila_data_1.ila. Use Tcl command 'read_hw_ila_data' or Vivado File->Import->Import ILA Data menu item to import the previously saved data.
run_hw_ila [get_hw_ilas -of_objects [get_hw_devices xc7a35t_0] -filter {CELL_NAME=~"u_ila"}]
INFO: [Labtools 27-1964] The ILA core 'hw_ila_1' trigger was armed at 2026-May-20 12:11:53
wait_on_hw_ila [get_hw_ilas -of_objects [get_hw_devices xc7a35t_0] -filter {CELL_NAME=~"u_ila"}]
display_hw_ila_data [upload_hw_ila_data [get_hw_ilas -of_objects [get_hw_devices xc7a35t_0] -filter {CELL_NAME=~"u_ila"}]]
INFO: [Labtools 27-1966] The ILA core 'hw_ila_1' triggered at 2026-May-20 12:11:53
INFO: [Labtools 27-3304] ILA Waveform data saved to file C:/Users/qipif/Desktop/FPGAProject/01_Preference/08_mypll/project/mypll.hw/backup/hw_ila_data_1.ila. Use Tcl command 'read_hw_ila_data' or Vivado File->Import->Import ILA Data menu item to import the previously saved data.
run_hw_ila [get_hw_ilas -of_objects [get_hw_devices xc7a35t_0] -filter {CELL_NAME=~"u_ila"}]
INFO: [Labtools 27-1964] The ILA core 'hw_ila_1' trigger was armed at 2026-May-20 12:11:59
wait_on_hw_ila [get_hw_ilas -of_objects [get_hw_devices xc7a35t_0] -filter {CELL_NAME=~"u_ila"}]
display_hw_ila_data [upload_hw_ila_data [get_hw_ilas -of_objects [get_hw_devices xc7a35t_0] -filter {CELL_NAME=~"u_ila"}]]
INFO: [Labtools 27-1966] The ILA core 'hw_ila_1' triggered at 2026-May-20 12:11:59
INFO: [Labtools 27-3304] ILA Waveform data saved to file C:/Users/qipif/Desktop/FPGAProject/01_Preference/08_mypll/project/mypll.hw/backup/hw_ila_data_1.ila. Use Tcl command 'read_hw_ila_data' or Vivado File->Import->Import ILA Data menu item to import the previously saved data.
run_hw_ila [get_hw_ilas -of_objects [get_hw_devices xc7a35t_0] -filter {CELL_NAME=~"u_ila"}]
INFO: [Labtools 27-1964] The ILA core 'hw_ila_1' trigger was armed at 2026-May-20 12:12:06
wait_on_hw_ila [get_hw_ilas -of_objects [get_hw_devices xc7a35t_0] -filter {CELL_NAME=~"u_ila"}]
display_hw_ila_data [upload_hw_ila_data [get_hw_ilas -of_objects [get_hw_devices xc7a35t_0] -filter {CELL_NAME=~"u_ila"}]]
INFO: [Labtools 27-1966] The ILA core 'hw_ila_1' triggered at 2026-May-20 12:12:06
INFO: [Labtools 27-3304] ILA Waveform data saved to file C:/Users/qipif/Desktop/FPGAProject/01_Preference/08_mypll/project/mypll.hw/backup/hw_ila_data_1.ila. Use Tcl command 'read_hw_ila_data' or Vivado File->Import->Import ILA Data menu item to import the previously saved data.
run_hw_ila [get_hw_ilas -of_objects [get_hw_devices xc7a35t_0] -filter {CELL_NAME=~"u_ila"}]
INFO: [Labtools 27-1964] The ILA core 'hw_ila_1' trigger was armed at 2026-May-20 12:12:12
wait_on_hw_ila [get_hw_ilas -of_objects [get_hw_devices xc7a35t_0] -filter {CELL_NAME=~"u_ila"}]
display_hw_ila_data [upload_hw_ila_data [get_hw_ilas -of_objects [get_hw_devices xc7a35t_0] -filter {CELL_NAME=~"u_ila"}]]
INFO: [Labtools 27-1966] The ILA core 'hw_ila_1' triggered at 2026-May-20 12:12:12
INFO: [Labtools 27-3304] ILA Waveform data saved to file C:/Users/qipif/Desktop/FPGAProject/01_Preference/08_mypll/project/mypll.hw/backup/hw_ila_data_1.ila. Use Tcl command 'read_hw_ila_data' or Vivado File->Import->Import ILA Data menu item to import the previously saved data.
run_hw_ila [get_hw_ilas -of_objects [get_hw_devices xc7a35t_0] -filter {CELL_NAME=~"u_ila"}]
INFO: [Labtools 27-1964] The ILA core 'hw_ila_1' trigger was armed at 2026-May-20 12:12:18
wait_on_hw_ila [get_hw_ilas -of_objects [get_hw_devices xc7a35t_0] -filter {CELL_NAME=~"u_ila"}]
display_hw_ila_data [upload_hw_ila_data [get_hw_ilas -of_objects [get_hw_devices xc7a35t_0] -filter {CELL_NAME=~"u_ila"}]]
INFO: [Labtools 27-1966] The ILA core 'hw_ila_1' triggered at 2026-May-20 12:12:18
INFO: [Labtools 27-3304] ILA Waveform data saved to file C:/Users/qipif/Desktop/FPGAProject/01_Preference/08_mypll/project/mypll.hw/backup/hw_ila_data_1.ila. Use Tcl command 'read_hw_ila_data' or Vivado File->Import->Import ILA Data menu item to import the previously saved data.
run_hw_ila [get_hw_ilas -of_objects [get_hw_devices xc7a35t_0] -filter {CELL_NAME=~"u_ila"}]
INFO: [Labtools 27-1964] The ILA core 'hw_ila_1' trigger was armed at 2026-May-20 12:12:25
wait_on_hw_ila [get_hw_ilas -of_objects [get_hw_devices xc7a35t_0] -filter {CELL_NAME=~"u_ila"}]
display_hw_ila_data [upload_hw_ila_data [get_hw_ilas -of_objects [get_hw_devices xc7a35t_0] -filter {CELL_NAME=~"u_ila"}]]
INFO: [Labtools 27-1966] The ILA core 'hw_ila_1' triggered at 2026-May-20 12:12:25
INFO: [Labtools 27-3304] ILA Waveform data saved to file C:/Users/qipif/Desktop/FPGAProject/01_Preference/08_mypll/project/mypll.hw/backup/hw_ila_data_1.ila. Use Tcl command 'read_hw_ila_data' or Vivado File->Import->Import ILA Data menu item to import the previously saved data.
run_hw_ila [get_hw_ilas -of_objects [get_hw_devices xc7a35t_0] -filter {CELL_NAME=~"u_ila"}]
INFO: [Labtools 27-1964] The ILA core 'hw_ila_1' trigger was armed at 2026-May-20 12:12:31
wait_on_hw_ila [get_hw_ilas -of_objects [get_hw_devices xc7a35t_0] -filter {CELL_NAME=~"u_ila"}]
display_hw_ila_data [upload_hw_ila_data [get_hw_ilas -of_objects [get_hw_devices xc7a35t_0] -filter {CELL_NAME=~"u_ila"}]]
INFO: [Labtools 27-1966] The ILA core 'hw_ila_1' triggered at 2026-May-20 12:12:31
INFO: [Labtools 27-3304] ILA Waveform data saved to file C:/Users/qipif/Desktop/FPGAProject/01_Preference/08_mypll/project/mypll.hw/backup/hw_ila_data_1.ila. Use Tcl command 'read_hw_ila_data' or Vivado File->Import->Import ILA Data menu item to import the previously saved data.
run_hw_ila [get_hw_ilas -of_objects [get_hw_devices xc7a35t_0] -filter {CELL_NAME=~"u_ila"}]
INFO: [Labtools 27-1964] The ILA core 'hw_ila_1' trigger was armed at 2026-May-20 12:12:37
wait_on_hw_ila [get_hw_ilas -of_objects [get_hw_devices xc7a35t_0] -filter {CELL_NAME=~"u_ila"}]
display_hw_ila_data [upload_hw_ila_data [get_hw_ilas -of_objects [get_hw_devices xc7a35t_0] -filter {CELL_NAME=~"u_ila"}]]
INFO: [Labtools 27-1966] The ILA core 'hw_ila_1' triggered at 2026-May-20 12:12:37
INFO: [Labtools 27-3304] ILA Waveform data saved to file C:/Users/qipif/Desktop/FPGAProject/01_Preference/08_mypll/project/mypll.hw/backup/hw_ila_data_1.ila. Use Tcl command 'read_hw_ila_data' or Vivado File->Import->Import ILA Data menu item to import the previously saved data.
run_hw_ila [get_hw_ilas -of_objects [get_hw_devices xc7a35t_0] -filter {CELL_NAME=~"u_ila"}]
INFO: [Labtools 27-1964] The ILA core 'hw_ila_1' trigger was armed at 2026-May-20 12:12:44
wait_on_hw_ila [get_hw_ilas -of_objects [get_hw_devices xc7a35t_0] -filter {CELL_NAME=~"u_ila"}]
display_hw_ila_data [upload_hw_ila_data [get_hw_ilas -of_objects [get_hw_devices xc7a35t_0] -filter {CELL_NAME=~"u_ila"}]]
INFO: [Labtools 27-1966] The ILA core 'hw_ila_1' triggered at 2026-May-20 12:12:44
INFO: [Labtools 27-3304] ILA Waveform data saved to file C:/Users/qipif/Desktop/FPGAProject/01_Preference/08_mypll/project/mypll.hw/backup/hw_ila_data_1.ila. Use Tcl command 'read_hw_ila_data' or Vivado File->Import->Import ILA Data menu item to import the previously saved data.
run_hw_ila [get_hw_ilas -of_objects [get_hw_devices xc7a35t_0] -filter {CELL_NAME=~"u_ila"}]
INFO: [Labtools 27-1964] The ILA core 'hw_ila_1' trigger was armed at 2026-May-20 12:12:50
wait_on_hw_ila [get_hw_ilas -of_objects [get_hw_devices xc7a35t_0] -filter {CELL_NAME=~"u_ila"}]
display_hw_ila_data [upload_hw_ila_data [get_hw_ilas -of_objects [get_hw_devices xc7a35t_0] -filter {CELL_NAME=~"u_ila"}]]
INFO: [Labtools 27-1966] The ILA core 'hw_ila_1' triggered at 2026-May-20 12:12:50
INFO: [Labtools 27-3304] ILA Waveform data saved to file C:/Users/qipif/Desktop/FPGAProject/01_Preference/08_mypll/project/mypll.hw/backup/hw_ila_data_1.ila. Use Tcl command 'read_hw_ila_data' or Vivado File->Import->Import ILA Data menu item to import the previously saved data.
run_hw_ila [get_hw_ilas -of_objects [get_hw_devices xc7a35t_0] -filter {CELL_NAME=~"u_ila"}]
INFO: [Labtools 27-1964] The ILA core 'hw_ila_1' trigger was armed at 2026-May-20 12:12:56
wait_on_hw_ila [get_hw_ilas -of_objects [get_hw_devices xc7a35t_0] -filter {CELL_NAME=~"u_ila"}]
display_hw_ila_data [upload_hw_ila_data [get_hw_ilas -of_objects [get_hw_devices xc7a35t_0] -filter {CELL_NAME=~"u_ila"}]]
INFO: [Labtools 27-1966] The ILA core 'hw_ila_1' triggered at 2026-May-20 12:12:56
INFO: [Labtools 27-3304] ILA Waveform data saved to file C:/Users/qipif/Desktop/FPGAProject/01_Preference/08_mypll/project/mypll.hw/backup/hw_ila_data_1.ila. Use Tcl command 'read_hw_ila_data' or Vivado File->Import->Import ILA Data menu item to import the previously saved data.
run_hw_ila [get_hw_ilas -of_objects [get_hw_devices xc7a35t_0] -filter {CELL_NAME=~"u_ila"}]
INFO: [Labtools 27-1964] The ILA core 'hw_ila_1' trigger was armed at 2026-May-20 12:13:03
wait_on_hw_ila [get_hw_ilas -of_objects [get_hw_devices xc7a35t_0] -filter {CELL_NAME=~"u_ila"}]
display_hw_ila_data [upload_hw_ila_data [get_hw_ilas -of_objects [get_hw_devices xc7a35t_0] -filter {CELL_NAME=~"u_ila"}]]
INFO: [Labtools 27-1966] The ILA core 'hw_ila_1' triggered at 2026-May-20 12:13:03
INFO: [Labtools 27-3304] ILA Waveform data saved to file C:/Users/qipif/Desktop/FPGAProject/01_Preference/08_mypll/project/mypll.hw/backup/hw_ila_data_1.ila. Use Tcl command 'read_hw_ila_data' or Vivado File->Import->Import ILA Data menu item to import the previously saved data.
run_hw_ila [get_hw_ilas -of_objects [get_hw_devices xc7a35t_0] -filter {CELL_NAME=~"u_ila"}]
INFO: [Labtools 27-1964] The ILA core 'hw_ila_1' trigger was armed at 2026-May-20 12:13:09
wait_on_hw_ila [get_hw_ilas -of_objects [get_hw_devices xc7a35t_0] -filter {CELL_NAME=~"u_ila"}]
display_hw_ila_data [upload_hw_ila_data [get_hw_ilas -of_objects [get_hw_devices xc7a35t_0] -filter {CELL_NAME=~"u_ila"}]]
INFO: [Labtools 27-1966] The ILA core 'hw_ila_1' triggered at 2026-May-20 12:13:09
INFO: [Labtools 27-3304] ILA Waveform data saved to file C:/Users/qipif/Desktop/FPGAProject/01_Preference/08_mypll/project/mypll.hw/backup/hw_ila_data_1.ila. Use Tcl command 'read_hw_ila_data' or Vivado File->Import->Import ILA Data menu item to import the previously saved data.
run_hw_ila [get_hw_ilas -of_objects [get_hw_devices xc7a35t_0] -filter {CELL_NAME=~"u_ila"}]
INFO: [Labtools 27-1964] The ILA core 'hw_ila_1' trigger was armed at 2026-May-20 12:13:15
wait_on_hw_ila [get_hw_ilas -of_objects [get_hw_devices xc7a35t_0] -filter {CELL_NAME=~"u_ila"}]
display_hw_ila_data [upload_hw_ila_data [get_hw_ilas -of_objects [get_hw_devices xc7a35t_0] -filter {CELL_NAME=~"u_ila"}]]
INFO: [Labtools 27-1966] The ILA core 'hw_ila_1' triggered at 2026-May-20 12:13:15
INFO: [Labtools 27-3304] ILA Waveform data saved to file C:/Users/qipif/Desktop/FPGAProject/01_Preference/08_mypll/project/mypll.hw/backup/hw_ila_data_1.ila. Use Tcl command 'read_hw_ila_data' or Vivado File->Import->Import ILA Data menu item to import the previously saved data.
run_hw_ila [get_hw_ilas -of_objects [get_hw_devices xc7a35t_0] -filter {CELL_NAME=~"u_ila"}]
INFO: [Labtools 27-1964] The ILA core 'hw_ila_1' trigger was armed at 2026-May-20 12:13:22
wait_on_hw_ila [get_hw_ilas -of_objects [get_hw_devices xc7a35t_0] -filter {CELL_NAME=~"u_ila"}]
display_hw_ila_data [upload_hw_ila_data [get_hw_ilas -of_objects [get_hw_devices xc7a35t_0] -filter {CELL_NAME=~"u_ila"}]]
INFO: [Labtools 27-1966] The ILA core 'hw_ila_1' triggered at 2026-May-20 12:13:22
INFO: [Labtools 27-3304] ILA Waveform data saved to file C:/Users/qipif/Desktop/FPGAProject/01_Preference/08_mypll/project/mypll.hw/backup/hw_ila_data_1.ila. Use Tcl command 'read_hw_ila_data' or Vivado File->Import->Import ILA Data menu item to import the previously saved data.
run_hw_ila [get_hw_ilas -of_objects [get_hw_devices xc7a35t_0] -filter {CELL_NAME=~"u_ila"}]
INFO: [Labtools 27-1964] The ILA core 'hw_ila_1' trigger was armed at 2026-May-20 12:13:28
wait_on_hw_ila [get_hw_ilas -of_objects [get_hw_devices xc7a35t_0] -filter {CELL_NAME=~"u_ila"}]
display_hw_ila_data [upload_hw_ila_data [get_hw_ilas -of_objects [get_hw_devices xc7a35t_0] -filter {CELL_NAME=~"u_ila"}]]
INFO: [Labtools 27-1966] The ILA core 'hw_ila_1' triggered at 2026-May-20 12:13:28
INFO: [Labtools 27-3304] ILA Waveform data saved to file C:/Users/qipif/Desktop/FPGAProject/01_Preference/08_mypll/project/mypll.hw/backup/hw_ila_data_1.ila. Use Tcl command 'read_hw_ila_data' or Vivado File->Import->Import ILA Data menu item to import the previously saved data.
run_hw_ila [get_hw_ilas -of_objects [get_hw_devices xc7a35t_0] -filter {CELL_NAME=~"u_ila"}]
INFO: [Labtools 27-1964] The ILA core 'hw_ila_1' trigger was armed at 2026-May-20 12:13:35
wait_on_hw_ila [get_hw_ilas -of_objects [get_hw_devices xc7a35t_0] -filter {CELL_NAME=~"u_ila"}]
display_hw_ila_data [upload_hw_ila_data [get_hw_ilas -of_objects [get_hw_devices xc7a35t_0] -filter {CELL_NAME=~"u_ila"}]]
INFO: [Labtools 27-1966] The ILA core 'hw_ila_1' triggered at 2026-May-20 12:13:35
INFO: [Labtools 27-3304] ILA Waveform data saved to file C:/Users/qipif/Desktop/FPGAProject/01_Preference/08_mypll/project/mypll.hw/backup/hw_ila_data_1.ila. Use Tcl command 'read_hw_ila_data' or Vivado File->Import->Import ILA Data menu item to import the previously saved data.
run_hw_ila [get_hw_ilas -of_objects [get_hw_devices xc7a35t_0] -filter {CELL_NAME=~"u_ila"}]
INFO: [Labtools 27-1964] The ILA core 'hw_ila_1' trigger was armed at 2026-May-20 12:13:41
wait_on_hw_ila [get_hw_ilas -of_objects [get_hw_devices xc7a35t_0] -filter {CELL_NAME=~"u_ila"}]
display_hw_ila_data [upload_hw_ila_data [get_hw_ilas -of_objects [get_hw_devices xc7a35t_0] -filter {CELL_NAME=~"u_ila"}]]
INFO: [Labtools 27-1966] The ILA core 'hw_ila_1' triggered at 2026-May-20 12:13:41
INFO: [Labtools 27-3304] ILA Waveform data saved to file C:/Users/qipif/Desktop/FPGAProject/01_Preference/08_mypll/project/mypll.hw/backup/hw_ila_data_1.ila. Use Tcl command 'read_hw_ila_data' or Vivado File->Import->Import ILA Data menu item to import the previously saved data.
run_hw_ila [get_hw_ilas -of_objects [get_hw_devices xc7a35t_0] -filter {CELL_NAME=~"u_ila"}]
INFO: [Labtools 27-1964] The ILA core 'hw_ila_1' trigger was armed at 2026-May-20 12:13:47
wait_on_hw_ila [get_hw_ilas -of_objects [get_hw_devices xc7a35t_0] -filter {CELL_NAME=~"u_ila"}]
display_hw_ila_data [upload_hw_ila_data [get_hw_ilas -of_objects [get_hw_devices xc7a35t_0] -filter {CELL_NAME=~"u_ila"}]]
INFO: [Labtools 27-1966] The ILA core 'hw_ila_1' triggered at 2026-May-20 12:13:47
INFO: [Labtools 27-3304] ILA Waveform data saved to file C:/Users/qipif/Desktop/FPGAProject/01_Preference/08_mypll/project/mypll.hw/backup/hw_ila_data_1.ila. Use Tcl command 'read_hw_ila_data' or Vivado File->Import->Import ILA Data menu item to import the previously saved data.
run_hw_ila [get_hw_ilas -of_objects [get_hw_devices xc7a35t_0] -filter {CELL_NAME=~"u_ila"}]
INFO: [Labtools 27-1964] The ILA core 'hw_ila_1' trigger was armed at 2026-May-20 12:13:54
wait_on_hw_ila [get_hw_ilas -of_objects [get_hw_devices xc7a35t_0] -filter {CELL_NAME=~"u_ila"}]
display_hw_ila_data [upload_hw_ila_data [get_hw_ilas -of_objects [get_hw_devices xc7a35t_0] -filter {CELL_NAME=~"u_ila"}]]
INFO: [Labtools 27-1966] The ILA core 'hw_ila_1' triggered at 2026-May-20 12:13:54
INFO: [Labtools 27-3304] ILA Waveform data saved to file C:/Users/qipif/Desktop/FPGAProject/01_Preference/08_mypll/project/mypll.hw/backup/hw_ila_data_1.ila. Use Tcl command 'read_hw_ila_data' or Vivado File->Import->Import ILA Data menu item to import the previously saved data.
run_hw_ila [get_hw_ilas -of_objects [get_hw_devices xc7a35t_0] -filter {CELL_NAME=~"u_ila"}]
INFO: [Labtools 27-1964] The ILA core 'hw_ila_1' trigger was armed at 2026-May-20 12:14:00
wait_on_hw_ila [get_hw_ilas -of_objects [get_hw_devices xc7a35t_0] -filter {CELL_NAME=~"u_ila"}]
display_hw_ila_data [upload_hw_ila_data [get_hw_ilas -of_objects [get_hw_devices xc7a35t_0] -filter {CELL_NAME=~"u_ila"}]]
INFO: [Labtools 27-1966] The ILA core 'hw_ila_1' triggered at 2026-May-20 12:14:00
INFO: [Labtools 27-3304] ILA Waveform data saved to file C:/Users/qipif/Desktop/FPGAProject/01_Preference/08_mypll/project/mypll.hw/backup/hw_ila_data_1.ila. Use Tcl command 'read_hw_ila_data' or Vivado File->Import->Import ILA Data menu item to import the previously saved data.
run_hw_ila [get_hw_ilas -of_objects [get_hw_devices xc7a35t_0] -filter {CELL_NAME=~"u_ila"}]
INFO: [Labtools 27-1964] The ILA core 'hw_ila_1' trigger was armed at 2026-May-20 12:14:03
wait_on_hw_ila [get_hw_ilas -of_objects [get_hw_devices xc7a35t_0] -filter {CELL_NAME=~"u_ila"}]
display_hw_ila_data [upload_hw_ila_data [get_hw_ilas -of_objects [get_hw_devices xc7a35t_0] -filter {CELL_NAME=~"u_ila"}]]
INFO: [Labtools 27-1966] The ILA core 'hw_ila_1' triggered at 2026-May-20 12:14:03
INFO: [Labtools 27-3304] ILA Waveform data saved to file C:/Users/qipif/Desktop/FPGAProject/01_Preference/08_mypll/project/mypll.hw/backup/hw_ila_data_1.ila. Use Tcl command 'read_hw_ila_data' or Vivado File->Import->Import ILA Data menu item to import the previously saved data.
run_hw_ila [get_hw_ilas -of_objects [get_hw_devices xc7a35t_0] -filter {CELL_NAME=~"u_ila"}]
INFO: [Labtools 27-1964] The ILA core 'hw_ila_1' trigger was armed at 2026-May-20 12:14:10
wait_on_hw_ila [get_hw_ilas -of_objects [get_hw_devices xc7a35t_0] -filter {CELL_NAME=~"u_ila"}]
display_hw_ila_data [upload_hw_ila_data [get_hw_ilas -of_objects [get_hw_devices xc7a35t_0] -filter {CELL_NAME=~"u_ila"}]]
INFO: [Labtools 27-1966] The ILA core 'hw_ila_1' triggered at 2026-May-20 12:14:10
INFO: [Labtools 27-3304] ILA Waveform data saved to file C:/Users/qipif/Desktop/FPGAProject/01_Preference/08_mypll/project/mypll.hw/backup/hw_ila_data_1.ila. Use Tcl command 'read_hw_ila_data' or Vivado File->Import->Import ILA Data menu item to import the previously saved data.
run_hw_ila [get_hw_ilas -of_objects [get_hw_devices xc7a35t_0] -filter {CELL_NAME=~"u_ila"}]
INFO: [Labtools 27-1964] The ILA core 'hw_ila_1' trigger was armed at 2026-May-20 12:14:16
wait_on_hw_ila [get_hw_ilas -of_objects [get_hw_devices xc7a35t_0] -filter {CELL_NAME=~"u_ila"}]
display_hw_ila_data [upload_hw_ila_data [get_hw_ilas -of_objects [get_hw_devices xc7a35t_0] -filter {CELL_NAME=~"u_ila"}]]
INFO: [Labtools 27-1966] The ILA core 'hw_ila_1' triggered at 2026-May-20 12:14:16
INFO: [Labtools 27-3304] ILA Waveform data saved to file C:/Users/qipif/Desktop/FPGAProject/01_Preference/08_mypll/project/mypll.hw/backup/hw_ila_data_1.ila. Use Tcl command 'read_hw_ila_data' or Vivado File->Import->Import ILA Data menu item to import the previously saved data.
run_hw_ila [get_hw_ilas -of_objects [get_hw_devices xc7a35t_0] -filter {CELL_NAME=~"u_ila"}]
INFO: [Labtools 27-1964] The ILA core 'hw_ila_1' trigger was armed at 2026-May-20 12:14:22
wait_on_hw_ila [get_hw_ilas -of_objects [get_hw_devices xc7a35t_0] -filter {CELL_NAME=~"u_ila"}]
display_hw_ila_data [upload_hw_ila_data [get_hw_ilas -of_objects [get_hw_devices xc7a35t_0] -filter {CELL_NAME=~"u_ila"}]]
INFO: [Labtools 27-1966] The ILA core 'hw_ila_1' triggered at 2026-May-20 12:14:22
INFO: [Labtools 27-3304] ILA Waveform data saved to file C:/Users/qipif/Desktop/FPGAProject/01_Preference/08_mypll/project/mypll.hw/backup/hw_ila_data_1.ila. Use Tcl command 'read_hw_ila_data' or Vivado File->Import->Import ILA Data menu item to import the previously saved data.
run_hw_ila [get_hw_ilas -of_objects [get_hw_devices xc7a35t_0] -filter {CELL_NAME=~"u_ila"}]
INFO: [Labtools 27-1964] The ILA core 'hw_ila_1' trigger was armed at 2026-May-20 12:14:29
wait_on_hw_ila [get_hw_ilas -of_objects [get_hw_devices xc7a35t_0] -filter {CELL_NAME=~"u_ila"}]
display_hw_ila_data [upload_hw_ila_data [get_hw_ilas -of_objects [get_hw_devices xc7a35t_0] -filter {CELL_NAME=~"u_ila"}]]
INFO: [Labtools 27-1966] The ILA core 'hw_ila_1' triggered at 2026-May-20 12:14:29
INFO: [Labtools 27-3304] ILA Waveform data saved to file C:/Users/qipif/Desktop/FPGAProject/01_Preference/08_mypll/project/mypll.hw/backup/hw_ila_data_1.ila. Use Tcl command 'read_hw_ila_data' or Vivado File->Import->Import ILA Data menu item to import the previously saved data.
run_hw_ila [get_hw_ilas -of_objects [get_hw_devices xc7a35t_0] -filter {CELL_NAME=~"u_ila"}]
INFO: [Labtools 27-1964] The ILA core 'hw_ila_1' trigger was armed at 2026-May-20 12:14:35
wait_on_hw_ila [get_hw_ilas -of_objects [get_hw_devices xc7a35t_0] -filter {CELL_NAME=~"u_ila"}]
display_hw_ila_data [upload_hw_ila_data [get_hw_ilas -of_objects [get_hw_devices xc7a35t_0] -filter {CELL_NAME=~"u_ila"}]]
INFO: [Labtools 27-1966] The ILA core 'hw_ila_1' triggered at 2026-May-20 12:14:35
INFO: [Labtools 27-3304] ILA Waveform data saved to file C:/Users/qipif/Desktop/FPGAProject/01_Preference/08_mypll/project/mypll.hw/backup/hw_ila_data_1.ila. Use Tcl command 'read_hw_ila_data' or Vivado File->Import->Import ILA Data menu item to import the previously saved data.
run_hw_ila [get_hw_ilas -of_objects [get_hw_devices xc7a35t_0] -filter {CELL_NAME=~"u_ila"}]
INFO: [Labtools 27-1964] The ILA core 'hw_ila_1' trigger was armed at 2026-May-20 12:14:41
wait_on_hw_ila [get_hw_ilas -of_objects [get_hw_devices xc7a35t_0] -filter {CELL_NAME=~"u_ila"}]
display_hw_ila_data [upload_hw_ila_data [get_hw_ilas -of_objects [get_hw_devices xc7a35t_0] -filter {CELL_NAME=~"u_ila"}]]
INFO: [Labtools 27-1966] The ILA core 'hw_ila_1' triggered at 2026-May-20 12:14:41
INFO: [Labtools 27-3304] ILA Waveform data saved to file C:/Users/qipif/Desktop/FPGAProject/01_Preference/08_mypll/project/mypll.hw/backup/hw_ila_data_1.ila. Use Tcl command 'read_hw_ila_data' or Vivado File->Import->Import ILA Data menu item to import the previously saved data.
run_hw_ila [get_hw_ilas -of_objects [get_hw_devices xc7a35t_0] -filter {CELL_NAME=~"u_ila"}]
INFO: [Labtools 27-1964] The ILA core 'hw_ila_1' trigger was armed at 2026-May-20 12:14:48
wait_on_hw_ila [get_hw_ilas -of_objects [get_hw_devices xc7a35t_0] -filter {CELL_NAME=~"u_ila"}]
display_hw_ila_data [upload_hw_ila_data [get_hw_ilas -of_objects [get_hw_devices xc7a35t_0] -filter {CELL_NAME=~"u_ila"}]]
INFO: [Labtools 27-1966] The ILA core 'hw_ila_1' triggered at 2026-May-20 12:14:48
INFO: [Labtools 27-3304] ILA Waveform data saved to file C:/Users/qipif/Desktop/FPGAProject/01_Preference/08_mypll/project/mypll.hw/backup/hw_ila_data_1.ila. Use Tcl command 'read_hw_ila_data' or Vivado File->Import->Import ILA Data menu item to import the previously saved data.
run_hw_ila [get_hw_ilas -of_objects [get_hw_devices xc7a35t_0] -filter {CELL_NAME=~"u_ila"}]
INFO: [Labtools 27-1964] The ILA core 'hw_ila_1' trigger was armed at 2026-May-20 12:14:51
wait_on_hw_ila [get_hw_ilas -of_objects [get_hw_devices xc7a35t_0] -filter {CELL_NAME=~"u_ila"}]
display_hw_ila_data [upload_hw_ila_data [get_hw_ilas -of_objects [get_hw_devices xc7a35t_0] -filter {CELL_NAME=~"u_ila"}]]
INFO: [Labtools 27-1966] The ILA core 'hw_ila_1' triggered at 2026-May-20 12:14:51
INFO: [Labtools 27-3304] ILA Waveform data saved to file C:/Users/qipif/Desktop/FPGAProject/01_Preference/08_mypll/project/mypll.hw/backup/hw_ila_data_1.ila. Use Tcl command 'read_hw_ila_data' or Vivado File->Import->Import ILA Data menu item to import the previously saved data.
save_wave_config {C:/Users/qipif/Desktop/FPGAProject/01_Preference/08_mypll/project/mypll.hw/hw_1/wave/hw_ila_data_1/hw_ila_data_1.wcfg}
close_hw_manager
